customer,st,gender,education,customer_lifetime_value,income,monthly_premium_auto,number_of_open_complaints,policy_type,vehicle_class,total_claim_amount
RB50392,Washington,Unknown,Master,Unknown,0,1000,0,Personal Auto,Four-Door Car,2
QZ44356,Arizona,F,Bachelor,697953.59,0,94,0,Personal Auto,Four-Door Car,1131
AI49188,Nevada,F,Bachelor,1288743.17,48767,108,0,Personal Auto,Two-Door Car,566
WW63253,California,M,Bachelor,764586.18,0,106,0,Corporate Auto,SUV,529
GA49547,Washington,M,High School or Below,536307.65,36357,68,0,Personal Auto,Four-Door Car,17
OC83172,Oregon,F,Bachelor,825629.78,62902,69,0,Personal Auto,Two-Door Car,159
XZ87318,Oregon,F,College,538089.86,55350,67,0,Corporate Auto,Four-Door Car,321
CF85061,Arizona,M,Master,721610.03,0,101,0,Corporate Auto,Four-Door Car,363
DY87989,Oregon,M,Bachelor,2412750.4,14072,71,0,Corporate Auto,Four-Door Car,511
BQ94931,Oregon,F,College,738817.81,28812,93,0,Special Auto,Four-Door Car,425
SX51350,California,M,College,473899.2,0,67,0,Personal Auto,Four-Door Car,482
VQ65197,California,Unknown,College,819719.71,0,110,0,Personal Auto,SUV,528
DP39365,California,Unknown,Master,879879.7,77026,110,2,Corporate Auto,Four-Door Car,472
SJ95423,Arizona,Unknown,High School or Below,881901.89,99845,110,1,Corporate Auto,SUV,528
IL66569,California,Unknown,College,538443.17,83689,70,2,Corporate Auto,Four-Door Car,307
BW63560,Oregon,Unknown,Bachelor,746313.94,24599,64,1,Corporate Auto,Four-Door Car,42
FV94802,Nevada,Unknown,High School or Below,256686.78,25049,67,0,Personal Auto,Two-Door Car,454
OE15005,California,Unknown,College,394524.16,28855,101,0,Personal Auto,SUV,647
WC83389,Oregon,Unknown,College,571033.31,51148,72,0,Personal Auto,Four-Door Car,308
FL50705,California,Unknown,High School or Below,816261.71,66140,101,0,Corporate Auto,Four-Door Car,484
ZK25313,Oregon,Unknown,High School or Below,287205.13,57749,74,0,Personal Auto,Two-Door Car,355
QK46697,Washington,M,Bachelor,617710.93,61040,79,1,Personal Auto,Two-Door Car,20
YH23384,Arizona,Unknown,Bachelor,2412750.4,14072,71,0,Personal Auto,Four-Door Car,511
TZ98966,Nevada,Unknown,Bachelor,245019.1,0,73,3,Corporate Auto,Four-Door Car,554
HM55802,California,Unknown,Bachelor,239210.79,17870,61,0,Corporate Auto,Four-Door Car,439
FS42516,Oregon,Unknown,College,580206.6,97541,72,0,Personal Auto,Four-Door Car,389
US89481,California,Unknown,Bachelor,394637.21,0,111,0,Personal Auto,Four-Door Car,799
HS14476,Washington,M,College,916206.32,29723,80,0,Personal Auto,Four-Door Car,20
GE62437,Arizona,Unknown,College,1290256.01,86584,111,2,Personal Auto,Four-Door Car,532
EJ77678,Oregon,Unknown,Master,323536.05,75690,80,1,Personal Auto,Four-Door Car,384
SV85652,Arizona,Unknown,College,245458.35,23158,63,1,Personal Auto,Four-Door Car,322
UL64533,Nevada,Unknown,High School or Below,1897545.61,65999,237,0,Corporate Auto,Luxury,615
PF41800,California,Unknown,Bachelor,471532.13,0,65,0,Personal Auto,Four-Door Car,308
HD95276,Washington,F,College,473787.17,0,130,0,Personal Auto,SUV,23
SK67821,Oregon,Unknown,Bachelor,493291.63,37260,62,0,Corporate Auto,Four-Door Car,15
YV55495,Arizona,Unknown,High School or Below,574422.97,68987,71,0,Personal Auto,Four-Door Car,204
KY38074,California,Unknown,Bachelor,1389173.57,42305,117,0,Personal Auto,Four-Door Car,561
DM79012,Oregon,Unknown,Master,738097.67,65706,91,0,Personal Auto,Four-Door Car,436
CM61827,Oregon,Unknown,Bachelor,309003.41,0,90,0,Personal Auto,Two-Door Car,648
WC35801,Arizona,Unknown,High School or Below,252163.31,53243,66,2,Personal Auto,Four-Door Car,157
QG25316,Nevada,Unknown,High School or Below,265206.18,0,70,1,Corporate Auto,Two-Door Car,484
MB98372,Oregon,Unknown,College,277104.5,50071,71,0,Corporate Auto,Two-Door Car,18
IL19217,California,Unknown,Bachelor,393900.64,60021,99,0,Personal Auto,Four-Door Car,882
SR38658,Arizona,Unknown,High School or Below,1223187.97,43244,103,0,Personal Auto,Luxury,494
YD87931,Washington,M,Doctor,495165.61,46896,35354,1,Personal Auto,Four-Door Car,31
HG65722,Oregon,Unknown,Doctor,1281910.29,10105,172,3,Personal Auto,SUV,0
BU27331,Arizona,Unknown,Bachelor,446851.05,0,73,3,Personal Auto,Four-Door Car,579
XM45289,Oregon,Unknown,High School or Below,551434.4,23218,71,0,Personal Auto,Two-Door Car,447
KP34198,California,Unknown,Bachelor,334387.53,0,92,0,Corporate Auto,Four-Door Car,529
SH90947,Arizona,Unknown,High School or Below,229447.89,0,62,0,Personal Auto,Four-Door Car,313
WE95729,Oregon,Unknown,College,3670742.64,24804,104,0,Personal Auto,SUV,593
PY51963,California,Unknown,Bachelor,3347334.95,33190,106,0,Corporate Auto,SUV,508
RB69909,Nevada,Unknown,High School or Below,798343.17,36014,69,3,Special Auto,Four-Door Car,173
NW21079,Washington,F,Master,487938.48,67163,61,2,Personal Auto,Two-Door Car,33
FR46645,California,Unknown,Bachelor,429399.73,16701,113,0,Personal Auto,Four-Door Car,831
SY17488,Arizona,Unknown,College,716439.55,46623,91,0,Corporate Auto,Four-Door Car,436
AP67935,California,Unknown,College,761951.58,64749,64,0,Special Auto,Four-Door Car,302
FS37417,Arizona,Unknown,High School or Below,395800.28,0,101,0,Personal Auto,SUV,484
ML29312,Oregon,Unknown,High School or Below,449949.33,16969,124,2,Personal Auto,SUV,704
UB61619,Oregon,Unknown,Master,405956.74,11621,108,0,Personal Auto,Four-Door Car,518
CD86811,Arizona,Unknown,Bachelor,445811.34,17622,65,1,Personal Auto,Four-Door Car,312
RU83859,California,Unknown,Bachelor,811033.31,11489,105,0,Personal Auto,Two-Door Car,504
FG63582,Oregon,Unknown,Bachelor,333976.49,0,94,0,Personal Auto,Two-Door Car,863
NN71951,California,Unknown,High School or Below,2426101.78,66525,100,0,Personal Auto,SUV,104
WB37082,Arizona,Unknown,Bachelor,661397.37,0,63,0,Personal Auto,Four-Door Car,676
SM52139,Washington,Unknown,College,293069.35,33663,73,0,Personal Auto,Four-Door Car,350
FL82372,Oregon,Unknown,College,867219.43,22547,112,0,Corporate Auto,SUV,537
DP45816,Arizona,Unknown,High School or Below,1163866.93,61486,97,0,Personal Auto,Two-Door Car,465
GW33762,Oregon,Unknown,Bachelor,684615.03,0,95,0,Personal Auto,Two-Door Car,456
RZ33670,California,Unknown,College,1172777.65,29879,102,0,Personal Auto,Four-Door Car,500
PY70169,Oregon,Unknown,High School or Below,2264383.48,93011,113,0,Personal Auto,SUV,281
MO91628,Oregon,Unknown,Master,261447.43,65186,65,0,Personal Auto,Two-Door Car,5
HW87852,Oregon,Unknown,Master,245175.27,26840,64,2,Personal Auto,Four-Door Car,307
HB20453,Oregon,Unknown,Bachelor,678127.02,0,104,1,Personal Auto,Luxury,982
BN87372,Oregon,Unknown,Bachelor,497480.15,75644,65,3,Personal Auto,Two-Door Car,467
YX23800,Oregon,Unknown,Bachelor,859160.49,38984,73,0,Personal Auto,Four-Door Car,350
DZ87709,Oregon,Unknown,High School or Below,559216.14,71811,71,0,Personal Auto,Four-Door Car,29
XW13033,Nevada,Unknown,College,800947.28,20961,67,0,Personal Auto,Four-Door Car,321
SP81997,Washington,F,Master,Unknown,41275,96,0,Personal Auto,Four-Door Car,41
OM82309,California,Unknown,Bachelor,5816655.35,61321,186,1,Personal Auto,Luxury,427
ZU35962,California,Unknown,College,802522.94,0,77,0,Personal Auto,Two-Door Car,25
VH85817,California,Unknown,High School or Below,578018.22,51066,74,0,Personal Auto,Four-Door Car,787
DT85712,California,Unknown,Doctor,411853.91,34378,102,0,Personal Auto,SUV,489
YJ88573,Nevada,Unknown,Master,252307.02,43072,63,0,Personal Auto,Four-Door Car,302
SQ19467,Oregon,Unknown,College,655421.64,25222,90,0,Personal Auto,Four-Door Car,475
YB66933,Washington,F,Bachelor,538275.2,77552,68,1,Corporate Auto,Four-Door Car,45
ET79815,California,Unknown,College,592672.94,23091,96,5,Personal Auto,Four-Door Car,460
QC35222,California,Unknown,Bachelor,268347.07,48269,69,3,Corporate Auto,Four-Door Car,282
CJ15590,Oregon,Unknown,Bachelor,269518.24,32720,67,0,Personal Auto,Four-Door Car,321
OI48267,California,Unknown,College,604702.52,20396,76,1,Personal Auto,Four-Door Car,364
JY67916,Oregon,Unknown,College,1317101.28,21513,119,1,Personal Auto,Two-Door Car,679
OW15518,Washington,F,College,1595001.95,0,87,1,Personal Auto,Two-Door Car,46
CZ33664,Oregon,Unknown,Bachelor,252765.38,80744,63,0,Corporate Auto,Four-Door Car,11
WK30175,Oregon,Unknown,Bachelor,267209.58,52822,67,0,Corporate Auto,Two-Door Car,350
ON44465,California,Unknown,High School or Below,531329.4,0,77,1,Personal Auto,Four-Door Car,863
TV87155,Oregon,Unknown,Bachelor,2094619.25,69738,74,1,Personal Auto,Four-Door Car,492
KH48895,Arizona,Unknown,Master,837535.39,17780,109,0,Personal Auto,SUV,132
NZ30757,California,Unknown,Bachelor,480166.15,18107,62,0,Personal Auto,Four-Door Car,297
RI22468,Arizona,Unknown,Bachelor,574594.33,57740,74,3,Personal Auto,Four-Door Car,269
FZ30935,Oregon,Unknown,College,606611.6,32627,76,0,Personal Auto,Two-Door Car,380
UG93476,California,Unknown,College,800230.83,0,107,0,Personal Auto,SUV,513
AB96670,California,Unknown,College,239391.54,0,70,0,Personal Auto,Four-Door Car,425
XK64261,Oregon,Unknown,Bachelor,476281.79,65795,62,1,Corporate Auto,Two-Door Car,49
EV68375,California,Unknown,College,433038.6,60475,107,0,Personal Auto,Four-Door Car,513
UN51653,California,Unknown,High School or Below,940272.98,0,130,0,Personal Auto,SUV,936
TO96662,Oregon,Unknown,Bachelor,696669.45,41837,88,0,Personal Auto,Four-Door Car,142
MR52087,California,Unknown,Bachelor,769406.43,32303,65,0,Personal Auto,Four-Door Car,45
DE75225,Oregon,Unknown,High School or Below,871756.11,0,117,1,Personal Auto,SUV,561
EP80820,California,Unknown,Bachelor,592874.85,40531,74,0,Personal Auto,Two-Door Car,30
GU99037,Oregon,Unknown,College,245297.73,79898,62,1,Corporate Auto,Four-Door Car,271
WI57118,California,Unknown,College,670157.17,56398,85,0,Personal Auto,Four-Door Car,408
GP39118,Washington,M,High School or Below,499655.27,71600,63,0,Personal Auto,Two-Door Car,46
MQ14219,Arizona,Unknown,College,849269.88,27804,109,0,Personal Auto,SUV,784
KN20603,Oregon,Unknown,Bachelor,771349.4,45506,66,2,Personal Auto,Four-Door Car,316
SG20925,Washington,F,Master,518579.76,99428,6464,1,Personal Auto,Four-Door Car,48
JI70886,California,Unknown,High School or Below,729006.98,0,102,1,Corporate Auto,SUV,489
VF72557,Oregon,Unknown,High School or Below,477294.38,20993,133,0,Personal Auto,SUV,638
OX28638,Arizona,Unknown,High School or Below,680649.14,37839,86,0,Personal Auto,Two-Door Car,465
SK55033,California,Unknown,Bachelor,246978.13,92711,62,0,Personal Auto,Two-Door Car,368
OO88645,California,Unknown,College,310392.3,74665,78,2,Corporate Auto,Four-Door Car,236
FM14335,Washington,F,College,1048491.54,61108,89,0,Personal Auto,Four-Door Car,49
CW82151,California,Unknown,Bachelor,890273.76,46833,112,0,Personal Auto,Luxury,64
DY22043,Oregon,Unknown,High School or Below,549944.72,88768,68,0,Personal Auto,Two-Door Car,326
SH36774,California,Unknown,High School or Below,1502359.86,28262,192,0,Personal Auto,Luxury,921
EM43724,Nevada,Unknown,Bachelor,250910.79,33555,63,0,Personal Auto,Four-Door Car,101
FH85960,Oregon,Unknown,College,3122174.81,42780,113,1,Personal Auto,Four-Door Car,542
XA55993,Oregon,Unknown,Master,313350.34,58850,78,0,Personal Auto,Four-Door Car,143
GO36627,Arizona,Unknown,College,383745.19,21880,97,0,Special Auto,Four-Door Car,424
QH48047,Oregon,Unknown,College,1179049.62,25251,66,0,Personal Auto,Four-Door Car,316
HS28694,Washington,F,High School or Below,282986.39,25317,71,0,Personal Auto,Two-Door Car,50
UH65059,Arizona,Unknown,High School or Below,430580.83,24188,109,0,Personal Auto,Luxury,523
FV21968,Nevada,Unknown,Bachelor,597397.69,41611,74,0,Special Auto,Four-Door Car,113
QA87025,Oregon,Unknown,Bachelor,567044.24,28406,72,1,Personal Auto,Four-Door Car,192
TQ13499,Arizona,Unknown,College,473174.93,69833,118,0,Personal Auto,Four-Door Car,828
BU44523,Arizona,Unknown,High School or Below,802637.96,0,74,0,Corporate Auto,Four-Door Car,532
MS41162,Arizona,Unknown,High School or Below,402296.35,0,117,0,Personal Auto,SUV,975
PU25891,Oregon,Unknown,High School or Below,961831.09,80536,119,0,Special Auto,Luxury,53
LH92841,Washington,F,Bachelor,725595.38,88891,89,0,Personal Auto,Four-Door Car,50
SX26335,Oregon,Unknown,College,955292.69,97732,79,0,Personal Auto,Four-Door Car,289
AZ95587,Arizona,F,Bachelor,1038855.32,61222,89,0,Special Auto,Four-Door Car,392
DS81757,Oregon,M,College,247012.12,0,74,0,Personal Auto,Two-Door Car,721
OJ94107,Arizona,M,Master,561906.85,50335,140,0,Personal Auto,SUV,456
LP84436,California,F,High School or Below,904711.92,0,127,0,Personal Auto,Luxury,1087
FF22360,Washington,F,Doctor,268731.41,82210,68,4,Personal Auto,Four-Door Car,51
LM19287,Oregon,F,High School or Below,373150.46,0,96,0,Personal Auto,Four-Door Car,460
ZU18643,Nevada,M,Bachelor,366077.03,64495,92,0,Corporate Auto,Four-Door Car,251
AZ82578,California,F,College,792882.93,0,72,0,Corporate Auto,Four-Door Car,345
XC67861,Arizona,F,Bachelor,501175.16,28859,67,3,Corporate Auto,Two-Door Car,321
YC43143,Arizona,F,High School or Below,798825.83,77330,99,0,Personal Auto,Four-Door Car,99
EK59571,Oregon,M,College,388545.64,0,105,0,Corporate Auto,Four-Door Car,504
PA38372,Washington,F,High School or Below,935773.78,33060,117,0,Personal Auto,Four-Door Car,56
RO18530,Washington,M,Master,254068.98,42557,65,0,Personal Auto,Four-Door Car,57
PD27940,Arizona,M,High School or Below,488516.25,26372,126,0,Personal Auto,SUV,604
BS77946,Arizona,F,Bachelor,975330.71,17514,127,0,Personal Auto,SUV,8
YM50253,California,F,Bachelor,294615.37,89270,74,0,Personal Auto,Four-Door Car,316
NR15332,California,M,High School or Below,258111.09,29757,65,0,Personal Auto,Four-Door Car,312
RC62865,Oregon,M,College,351738.58,51814,92,0,Personal Auto,Four-Door Car,56
CC15295,Oregon,F,Bachelor,974335.01,24028,82,0,Personal Auto,Four-Door Car,393
KA61892,Arizona,M,College,387364.7,28142,105,0,Personal Auto,Luxury,701
OS94884,Arizona,F,Bachelor,764928.2,52705,64,1,Personal Auto,Two-Door Car,128
ND87334,California,M,High School or Below,228759.69,0,63,0,Corporate Auto,Two-Door Car,679
OY51402,Washington,F,High School or Below,825576.39,54040,103,0,Personal Auto,SUV,59
YL74911,California,F,College,871492.21,0,118,0,Personal Auto,SUV,566
GK92563,Washington,F,Doctor,681923.12,22492,85,0,Personal Auto,Two-Door Car,61
HL53154,California,M,Bachelor,741619.73,0,77,2,Personal Auto,Four-Door Car,554
RI78966,Oregon,M,Master,777115.9,21876,68,0,Personal Auto,Four-Door Car,465
IC13702,California,F,Bachelor,696834.19,0,69,1,Personal Auto,Four-Door Car,496
BE10809,California,F,High School or Below,425028.26,0,61,1,Personal Auto,Four-Door Car,292
HT87217,Oregon,F,High School or Below,1977656.65,70699,82,0,Personal Auto,Four-Door Car,256
TH95618,California,F,High School or Below,2134346.6,0,74,1,Personal Auto,Four-Door Car,355
TS19868,California,M,College,241313.97,27501,63,0,Personal Auto,Four-Door Car,542
LP45550,Oregon,F,Doctor,1536384.72,15897,101,0,Personal Auto,Four-Door Car,303
QR87004,Nevada,F,College,845696.19,25141,73,1,Personal Auto,Four-Door Car,25
OE75747,Nevada,F,College,218964.25,0,61,3,Personal Auto,Four-Door Car,292
DX91392,California,M,High School or Below,578018.22,51066,74,0,Personal Auto,Four-Door Car,787
AB72731,California,F,Bachelor,463998.16,28358,117,0,Personal Auto,Luxury,84
GX84338,Washington,F,Doctor,382443.13,62530,95,0,Personal Auto,Four-Door Car,61
IS12901,Arizona,F,Bachelor,596811.89,90972,74,0,Personal Auto,Two-Door Car,232
BN90616,Washington,F,Bachelor,859033.5,63110,72,0,Personal Auto,Four-Door Car,68
HH90090,California,F,Bachelor,407663.47,29549,104,0,Personal Auto,Luxury,710
IU25463,California,F,Bachelor,1225260.18,0,115,1,Personal Auto,Four-Door Car,552
KC11055,Nevada,F,Bachelor,1693627.15,39411,217,2,Personal Auto,Luxury,1122
PD33979,Oregon,M,High School or Below,489243.55,21709,62,0,Personal Auto,Four-Door Car,408
NK71023,Nevada,M,Bachelor,994230.48,67890,85,0,Personal Auto,Four-Door Car,408
AB13432,California,M,Bachelor,373583.81,0,110,0,Personal Auto,SUV,792
OZ97704,California,F,High School or Below,1311752.22,84311,111,4,Personal Auto,SUV,532
UF46533,California,F,College,457452.41,99316,114,0,Corporate Auto,SUV,754
XP47431,Arizona,F,Bachelor,547006.06,54507,138,0,Personal Auto,SUV,702
GK73582,California,F,Bachelor,297884.6,64586,76,0,Personal Auto,Four-Door Car,206
RV98763,Oregon,M,College,641096.75,61709,82,2,Personal Auto,Four-Door Car,275
II62831,California,M,Master,447902.31,94656,111,1,Special Auto,SUV,459
XK33449,California,F,High School or Below,238373.19,0,69,0,Special Auto,Two-Door Car,496
TR85083,California,M,Bachelor,276449.37,61085,70,1,Personal Auto,Two-Door Car,336
EO95328,Oregon,F,Bachelor,792010.54,89284,67,3,Personal Auto,Two-Door Car,321
EN21086,Arizona,F,High School or Below,688909.8,0,63,0,Personal Auto,Four-Door Car,302
YL83902,Washington,F,Bachelor,327419.46,31686,81,0,Personal Auto,Four-Door Car,430
AZ62651,Oregon,M,High School or Below,995170.77,56855,255,0,Corporate Auto,Luxury,1836
ZW25874,Oregon,M,Bachelor,252155.57,53703,67,2,Special Auto,Four-Door Car,67
EH41854,Washington,F,High School or Below,2370611.34,0,96,1,Personal Auto,Two-Door Car,844
MW70227,California,M,College,604702.52,20396,76,1,Personal Auto,Four-Door Car,364
SL22297,California,F,Master,1114030.25,27679,150,0,Personal Auto,SUV,722
RV14138,Nevada,F,Bachelor,433406.41,23904,123,3,Personal Auto,SUV,590
UO62808,Arizona,F,High School or Below,279974.79,65351,69,0,Corporate Auto,Four-Door Car,481
ZX64745,California,M,College,792313.66,0,113,0,Personal Auto,SUV,1124
FL34139,California,M,High School or Below,368811.09,0,63,3,Personal Auto,Four-Door Car,669
TS11219,California,M,College,1206745.6,0,116,0,Personal Auto,SUV,1284
XX12304,California,F,College,292497.67,64459,72,0,Personal Auto,Four-Door Car,240
SD64087,California,M,College,1501409.27,32961,190,0,Corporate Auto,SUV,912
OY38576,Oregon,F,High School or Below,927723.38,71416,116,0,Corporate Auto,SUV,556
BG76355,Washington,F,Bachelor,627412.39,68964,78,0,Personal Auto,Four-Door Car,115
IP66913,California,M,High School or Below,388664.74,78108,98,0,Personal Auto,Two-Door Car,470
LE95702,California,M,College,438627.76,10621,67,0,Special Auto,Four-Door Car,321
KX54357,Washington,M,College,1136526.77,84910,95,0,Corporate Auto,Two-Door Car,383
EZ78112,California,F,High School or Below,561096.43,77493,70,0,Special Auto,Four-Door Car,307
XN16891,Arizona,M,College,291289.2,81097,74,0,Personal Auto,Four-Door Car,355
XK31350,Oregon,F,College,691572.99,96610,85,0,Corporate Auto,Four-Door Car,520
CC30924,Oregon,M,College,626266.33,30110,159,0,Corporate Auto,Luxury,466
IT78748,Oregon,F,High School or Below,650339.7,22081,84,0,Special Auto,Two-Door Car,451
KY33386,Washington,F,High School or Below,800739.94,0,112,0,Personal Auto,Luxury,537
CO44221,California,M,College,292991.65,98473,72,0,Personal Auto,Four-Door Car,345
LK60013,Oregon,F,Bachelor,596955.3,97431,74,0,Personal Auto,Four-Door Car,355
DE21533,California,M,Bachelor,547315.99,93870,69,0,Personal Auto,Four-Door Car,331
YS94121,Nevada,M,High School or Below,564539.67,50366,72,0,Personal Auto,Four-Door Car,428
UK68427,Washington,M,High School or Below,636926.24,34498,83,0,Personal Auto,Two-Door Car,398
TE49565,Oregon,F,College,1183376.73,16552,103,0,Personal Auto,SUV,494
RA88421,Oregon,F,College,612110.79,26787,77,0,Personal Auto,Four-Door Car,369
KQ51983,Nevada,M,College,515936.97,0,74,0,Personal Auto,Two-Door Car,831
CD88896,Nevada,F,High School or Below,251459.2,43860,65,0,Corporate Auto,Four-Door Car,156
YV22553,Arizona,M,High School or Below,866861.13,21474,114,2,Corporate Auto,SUV,373
WU14435,California,M,Bachelor,496096.54,18174,66,0,Corporate Auto,Four-Door Car,395
XV84099,Arizona,F,Bachelor,550413.9,0,73,0,Corporate Auto,Four-Door Car,350
RI24911,Arizona,M,College,750745.54,60920,64,0,Personal Auto,Two-Door Car,231
KO26461,Arizona,M,High School or Below,3226985.14,41520,90,0,Personal Auto,Four-Door Car,289
HI14283,Oregon,F,Bachelor,565703.16,0,152,0,Personal Auto,SUV,729
PT50227,Arizona,M,High School or Below,506175.79,0,68,0,Personal Auto,Two-Door Car,326
BH36570,California,M,Bachelor,591278.38,72208,73,0,Personal Auto,Two-Door Car,350
TX17484,California,F,Bachelor,1518227.98,53863,63,0,Personal Auto,Four-Door Car,105
CT41158,Washington,M,College,1074703.09,66446,136,0,Corporate Auto,SUV,639
AO87348,Washington,M,College,205062.35,0,61,0,Personal Auto,Four-Door Car,292
DE55857,Washington,F,Bachelor,246544.49,64997,63,1,Personal Auto,Four-Door Car,383
LF66923,Nevada,F,High School or Below,534312.13,64460,66,0,Corporate Auto,Two-Door Car,316
CN24514,Arizona,F,College,811982.91,46618,67,0,Personal Auto,Four-Door Car,99
UW32074,Oregon,F,College,460526.52,0,64,0,Corporate Auto,Four-Door Car,307
HP36979,California,M,College,640878.56,49988,84,5,Personal Auto,Two-Door Car,566
PP40919,California,F,College,237653.35,0,91,5,Personal Auto,Two-Door Car,436
RO73268,California,M,Bachelor,321107.0,16269,86,0,Corporate Auto,Two-Door Car,412
HO61691,Arizona,F,Bachelor,509452.23,72006,64,0,Personal Auto,Four-Door Car,307
BS13062,Arizona,F,High School or Below,2575527.82,0,81,2,Personal Auto,Four-Door Car,388
FO35655,Oregon,M,Bachelor,867222.97,0,245,0,Corporate Auto,Luxury,2345
HR10526,California,M,Master,804473.07,44320,67,0,Personal Auto,Four-Door Car,321
IA63417,Arizona,F,High School or Below,400151.91,19782,108,0,Personal Auto,Two-Door Car,773
BH35016,Nevada,F,Bachelor,1670611.7,63933,70,0,Personal Auto,Two-Door Car,424
PK52952,Arizona,M,Doctor,854441.11,28224,109,0,Personal Auto,SUV,523
OD76309,Washington,F,College,780531.29,21073,106,1,Personal Auto,SUV,508
IL28481,Oregon,M,Bachelor,611275.69,63243,77,0,Personal Auto,Four-Door Car,364
GY55092,Nevada,M,High School or Below,477294.38,20993,133,0,Personal Auto,SUV,638
UF33451,Oregon,F,Bachelor,1097909.56,94827,135,0,Personal Auto,SUV,354
CF15558,California,F,Master,500426.38,39161,63,1,Personal Auto,Two-Door Car,283
JM62924,Washington,M,Bachelor,1322304.38,37534,84,2,Personal Auto,Four-Door Car,403
EM66435,Oregon,F,Bachelor,262331.54,80210,65,0,Corporate Auto,Four-Door Car,20
QX45933,California,M,Bachelor,1784019.56,0,62,0,Personal Auto,Four-Door Car,385
JI71369,California,F,College,510611.18,30110,64,0,Personal Auto,Four-Door Car,140
JU93290,Arizona,F,College,1793060.45,21708,68,0,Personal Auto,Four-Door Car,326
GU66096,Arizona,M,High School or Below,545734.26,94731,67,0,Personal Auto,Four-Door Car,321
UC33108,California,M,Bachelor,656364.41,32375,83,0,Personal Auto,Four-Door Car,398
LW93867,Oregon,M,College,481252.52,16531,63,0,Corporate Auto,Four-Door Car,102
OU78470,Arizona,F,Master,2932804.19,32006,94,0,Corporate Auto,Four-Door Car,56
XW90265,Arizona,F,Bachelor,577352.07,81676,72,0,Personal Auto,Two-Door Car,463
HS67749,California,M,College,684711.89,71038,86,0,Corporate Auto,Four-Door Car,205
VZ51506,Arizona,F,High School or Below,359531.29,0,103,0,Corporate Auto,Luxury,741
UI64281,Nevada,F,Master,2285561.21,20832,65,0,Personal Auto,Two-Door Car,56
AE98193,Washington,M,High School or Below,785941.46,0,113,0,Personal Auto,SUV,813
AZ74055,Oregon,M,High School or Below,411557.74,52405,103,0,Personal Auto,Four-Door Car,494
XS76911,Arizona,F,High School or Below,502963.88,0,133,0,Personal Auto,Luxury,795
AY40674,Washington,F,Bachelor,482141.85,26583,1005,4,Personal Auto,SUV,614
NA12740,Oregon,M,Master,500431.05,25486,65,0,Special Auto,Two-Door Car,72
UA84837,Arizona,M,College,863005.39,24065,111,0,Corporate Auto,Four-Door Car,532
DJ51510,Arizona,F,High School or Below,932208.51,70435,116,0,Personal Auto,Four-Door Car,67
VM58985,California,M,College,1672756.06,0,76,2,Personal Auto,Two-Door Car,402
OH60605,Oregon,F,High School or Below,365253.24,39679,92,0,Personal Auto,Two-Door Car,641
UO98052,Nevada,M,College,615860.12,0,89,0,Personal Auto,Four-Door Car,342
NC53424,California,M,Bachelor,437608.4,0,69,4,Personal Auto,Two-Door Car,331
LQ13873,Nevada,M,High School or Below,556945.62,53565,71,1,Personal Auto,Four-Door Car,340
LA97014,Washington,M,Bachelor,257651.3,37574,66,1,Personal Auto,Two-Door Car,412
NB79936,Washington,M,Bachelor,834698.32,48259,108,0,Personal Auto,Two-Door Car,73
NT89061,Arizona,F,High School or Below,632392.39,78532,78,0,Personal Auto,Four-Door Car,374
AF10970,Arizona,F,Bachelor,597314.34,96163,73,0,Corporate Auto,Four-Door Car,350
ZG48513,California,M,Bachelor,470667.7,0,72,0,Personal Auto,Four-Door Car,345
JQ59145,California,M,High School or Below,809341.03,0,114,1,Personal Auto,Luxury,722
FE84989,Washington,M,College,503574.46,72672,63,0,Personal Auto,Four-Door Car,259
JT52858,Oregon,F,Bachelor,902786.72,99002,112,1,Personal Auto,Four-Door Car,537
MC62068,California,M,High School or Below,728888.48,79494,91,0,Personal Auto,Four-Door Car,396
EU27538,Oregon,M,Master,1804247.94,35704,225,0,Personal Auto,Luxury,358
RH42306,Arizona,F,Bachelor,499206.3,0,71,0,Corporate Auto,Four-Door Car,653
US23612,Oregon,F,High School or Below,910226.78,26049,118,0,Personal Auto,Two-Door Car,121
WV76014,Arizona,M,Doctor,254040.77,70125,64,0,Special Auto,Four-Door Car,92
RK96223,California,M,College,1294189.19,52369,110,1,Personal Auto,SUV,528
MF82000,Washington,F,Bachelor,236534.86,0,66,2,Special Auto,Four-Door Car,159
FM46980,Arizona,M,College,572076.51,41770,72,0,Personal Auto,Four-Door Car,476
SY56792,Oregon,M,High School or Below,703553.41,0,101,0,Corporate Auto,Four-Door Car,727
RF61565,California,M,College,263697.77,31911,67,0,Personal Auto,Four-Door Car,321
IM94808,Nevada,M,Bachelor,539583.2,70051,68,0,Corporate Auto,Four-Door Car,42
VI14730,Oregon,M,High School or Below,838263.01,19683,117,1,Personal Auto,Luxury,561
YR34119,Washington,F,College,3116174.52,30916,112,0,Personal Auto,SUV,200
RR77985,Oregon,F,Bachelor,288774.23,0,80,0,Personal Auto,Four-Door Car,676
QD28391,Washington,M,College,742584.53,84302,62,0,Personal Auto,Four-Door Car,76
WV17090,California,M,Bachelor,2558572.78,0,116,0,Corporate Auto,SUV,830
TM23514,Oregon,M,College,1027260.82,60145,132,0,Personal Auto,SUV,580
MQ68407,Oregon,F,Bachelor,437636.36,63774,111,0,Personal Auto,Four-Door Car,60
GJ59592,California,F,Bachelor,531889.66,25134,67,0,Corporate Auto,Four-Door Car,321
FY56083,Oregon,M,Bachelor,471976.22,37057,61,1,Personal Auto,Four-Door Car,47
UA94723,Oregon,F,High School or Below,442803.16,58577,110,0,Personal Auto,SUV,303
FW91032,California,M,High School or Below,587917.61,85857,73,0,Corporate Auto,Four-Door Car,100
DE34457,Oregon,F,Doctor,941690.85,70602,116,0,Personal Auto,SUV,481
HD32044,Oregon,F,Master,828815.56,33816,106,2,Corporate Auto,Four-Door Car,508
HH30454,Oregon,M,Bachelor,3265483.83,0,153,0,Personal Auto,SUV,1101
AH84063,Oregon,F,College,471945.01,89642,121,4,Corporate Auto,SUV,86
QA17596,California,F,Bachelor,390347.48,60068,98,0,Personal Auto,Two-Door Car,470
XI41052,California,F,Bachelor,545725.97,50044,139,0,Personal Auto,SUV,667
DI30528,California,F,Master,272535.64,36650,69,1,Personal Auto,Four-Door Car,56
SC66359,Arizona,F,College,443397.37,50653,110,0,Corporate Auto,SUV,262
EN61670,Arizona,F,Doctor,533246.27,68931,66,0,Personal Auto,Four-Door Car,309
DQ10761,Oregon,M,Bachelor,231509.5,0,73,1,Corporate Auto,Four-Door Car,350
BQ51587,California,F,College,541195.37,0,73,0,Personal Auto,Four-Door Car,365
JE21522,California,M,Bachelor,958733.23,39266,80,0,Personal Auto,Four-Door Car,384
WS47147,California,M,College,2210350.72,0,102,0,Personal Auto,SUV,489
ZA64638,Nevada,F,High School or Below,976494.53,0,98,1,Personal Auto,Four-Door Car,705
EW38459,Nevada,F,Bachelor,256715.15,40864,65,0,Corporate Auto,Four-Door Car,9
QW87316,Oregon,F,College,265062.28,39035,68,0,Personal Auto,Four-Door Car,244
IC43478,California,M,Bachelor,1126436.33,34923,98,0,Personal Auto,Two-Door Car,639
TE34064,California,M,High School or Below,216852.35,0,63,0,Personal Auto,Four-Door Car,453
WU60905,California,F,High School or Below,861066.75,0,111,0,Corporate Auto,SUV,532
YM18992,California,F,College,283464.62,24506,71,0,Personal Auto,Two-Door Car,511
PD55753,Oregon,M,High School or Below,893013.97,0,82,0,Personal Auto,Four-Door Car,554
KU56006,Arizona,F,College,553638.7,52220,70,1,Personal Auto,Four-Door Car,336
MJ69973,Arizona,M,High School or Below,284085.43,0,74,0,Personal Auto,Two-Door Car,402
TW43626,California,M,College,808288.1,53554,67,0,Personal Auto,Four-Door Car,327
XX84133,California,M,Bachelor,525473.43,34476,67,1,Corporate Auto,Four-Door Car,5
ZW84453,Arizona,F,Bachelor,511623.76,0,70,0,Personal Auto,Four-Door Car,131
HO29524,California,M,College,303464.7,68205,76,0,Personal Auto,Two-Door Car,99
VE89726,California,F,High School or Below,802489.99,0,119,1,Personal Auto,SUV,856
GE87503,California,M,High School or Below,1821114.32,53690,154,0,Personal Auto,SUV,739
PX90263,Oregon,M,High School or Below,512156.33,0,72,0,Personal Auto,Four-Door Car,518
NI17718,California,F,High School or Below,215017.86,0,61,0,Personal Auto,Four-Door Car,292
FY32213,California,F,High School or Below,559538.99,74454,71,0,Personal Auto,Four-Door Car,340
RZ13254,Nevada,F,Bachelor,756282.4,0,73,0,Personal Auto,Four-Door Car,350
GN45013,Oregon,M,High School or Below,538585.32,29664,71,0,Personal Auto,Four-Door Car,340
NM39588,Washington,F,Doctor,267805.83,72450,66,0,Corporate Auto,Four-Door Car,84
KU84464,Nevada,F,Bachelor,942256.79,47272,79,3,Personal Auto,Four-Door Car,64
YH43527,Oregon,F,College,360586.03,21585,92,0,Corporate Auto,Four-Door Car,441
RO30676,California,F,College,776259.06,23827,106,2,Personal Auto,Four-Door Car,37
QL59704,Arizona,F,College,2344490.05,69906,74,2,Corporate Auto,Four-Door Car,202
QH19450,California,F,High School or Below,255817.82,0,72,0,Corporate Auto,Four-Door Car,345
SA54664,Washington,M,Master,265438.1,73196,66,1,Personal Auto,Four-Door Car,85
CI38330,Washington,M,Bachelor,254978.61,72217,6464,0,Personal Auto,Four-Door Car,91
WB38524,California,M,High School or Below,296959.33,46131,74,0,Personal Auto,Two-Door Car,355
CE56187,Oregon,F,Master,436312.46,54514,109,3,Personal Auto,SUV,286
JL19416,California,F,High School or Below,588430.86,0,161,0,Personal Auto,SUV,1159
JZ61422,Nevada,F,College,527219.16,96668,66,0,Personal Auto,Four-Door Car,316
LA13377,California,M,Doctor,550989.57,78879,69,1,Personal Auto,Four-Door Car,466
NC99948,Nevada,M,College,1631368.35,0,69,0,Personal Auto,Four-Door Car,331
QD34785,Arizona,F,Bachelor,567805.02,0,76,0,Personal Auto,Four-Door Car,364
RO26085,California,F,Bachelor,1210120.88,0,112,0,Personal Auto,Luxury,1252
ES57969,Oregon,M,Bachelor,245357.08,29735,69,0,Personal Auto,Four-Door Car,331
JK55587,California,M,High School or Below,507566.27,23082,65,0,Special Auto,Four-Door Car,312
RN97635,Arizona,M,Bachelor,321497.94,53984,80,0,Corporate Auto,Four-Door Car,421
BI76326,California,F,College,1227534.31,52135,156,0,Personal Auto,SUV,430
JA34909,California,F,College,272221.07,17576,71,0,Corporate Auto,Four-Door Car,398
OJ90342,Oregon,F,Bachelor,245744.09,29486,62,0,Personal Auto,Four-Door Car,7
CM88932,Oregon,F,Master,355484.53,58557,88,0,Corporate Auto,Four-Door Car,55
JJ97525,California,M,Bachelor,492954.97,25632,63,0,Personal Auto,Two-Door Car,351
XV21647,California,F,High School or Below,803645.03,0,112,0,Personal Auto,Luxury,806
MC83487,Arizona,M,Bachelor,427691.53,18768,68,3,Corporate Auto,Four-Door Car,647
BL90769,California,F,Bachelor,3347334.95,33190,106,0,Personal Auto,SUV,508
CR57148,Oregon,F,Master,596058.14,47945,74,0,Personal Auto,Two-Door Car,128
CP85232,Arizona,M,College,4479546.94,58778,126,0,Special Auto,SUV,302
YL74732,California,F,High School or Below,383211.81,15192,100,0,Personal Auto,SUV,480
FG16766,California,F,Bachelor,683793.26,51859,171,0,Personal Auto,SUV,1003
NV55438,Nevada,F,High School or Below,528526.82,23422,72,0,Personal Auto,Two-Door Car,518
RM10880,California,F,College,309651.12,21604,79,0,Corporate Auto,Four-Door Car,379
GL56175,Arizona,M,College,358971.07,79298,90,0,Personal Auto,Four-Door Car,244
UK52289,Arizona,F,Bachelor,258240.85,76731,64,0,Special Auto,Four-Door Car,201
OT85112,Washington,M,College,340391.94,38460,88,1,Personal Auto,Four-Door Car,91
BC62782,Arizona,F,College,1357567.6,48534,115,1,Personal Auto,SUV,552
TI19722,Washington,M,Doctor,343613.43,30817,88,0,Corporate Auto,Four-Door Car,91
JP30654,Oregon,F,College,2868582.79,48412,104,0,Personal Auto,SUV,707
UM45563,Washington,M,Bachelor,450267.97,68798,114,0,Personal Auto,SUV,92
EN60878,Oregon,M,Bachelor,618311.15,23712,85,0,Personal Auto,Four-Door Car,376
JF36291,California,M,College,387364.7,28142,105,0,Personal Auto,Luxury,701
BK59444,California,F,Master,1892933.06,72196,68,0,Personal Auto,Four-Door Car,152
MK70700,California,M,Master,555329.58,68197,69,0,Personal Auto,Four-Door Car,176
IW71076,California,M,Bachelor,501125.92,75248,63,0,Corporate Auto,Four-Door Car,104
AP98768,California,F,College,1044244.63,0,98,0,Personal Auto,Four-Door Car,941
OM24164,Nevada,M,Bachelor,219961.78,0,65,1,Personal Auto,Two-Door Car,468
HR85211,Washington,F,Master,512317.09,89879,63,0,Personal Auto,Two-Door Car,94
VC87846,Oregon,M,High School or Below,748431.05,46998,96,0,Corporate Auto,Four-Door Car,460
ZM92052,Oregon,M,Bachelor,261302.31,57099,67,0,Personal Auto,Two-Door Car,67
ON73702,Arizona,F,Bachelor,908063.97,33897,114,0,Corporate Auto,SUV,539
QQ90441,Nevada,F,High School or Below,1377097.62,59207,116,0,Personal Auto,Four-Door Car,556
HU35721,Oregon,M,High School or Below,287682.29,40171,73,0,Personal Auto,Four-Door Car,350
YP47665,Washington,M,Doctor,540891.15,80192,67,0,Personal Auto,Four-Door Car,95
FU99476,Washington,M,High School or Below,677030.68,74422,85,1,Personal Auto,Four-Door Car,95
AG85615,Oregon,M,College,2414387.56,0,87,0,Special Auto,Four-Door Car,626
OY74069,Arizona,F,College,353805.95,0,67,5,Personal Auto,Four-Door Car,321
DJ91267,Nevada,F,Bachelor,2909123.94,34226,244,0,Personal Auto,Luxury,494
KB72438,California,F,High School or Below,1983420.12,65989,123,1,Personal Auto,SUV,115
TR67616,Oregon,M,High School or Below,473136.7,30686,61,0,Corporate Auto,Four-Door Car,19
GF65731,California,F,Master,3553784.6,0,113,0,Personal Auto,Luxury,799
HB67642,Arizona,F,High School or Below,3461137.9,20090,109,0,Personal Auto,Luxury,523
DP84567,California,M,High School or Below,2021630.88,0,183,0,Personal Auto,Luxury,878
VV77534,Oregon,M,College,1397651.93,77094,176,0,Personal Auto,SUV,444
GL67540,California,F,College,590408.82,97413,73,0,Personal Auto,Four-Door Car,268
SV50502,Oregon,F,Master,559583.5,79189,69,0,Corporate Auto,Four-Door Car,331
UK59698,California,F,High School or Below,229430.36,0,62,0,Personal Auto,Two-Door Car,297
OA57352,Arizona,F,College,627391.19,18577,86,0,Personal Auto,Four-Door Car,412
ZF84449,Oregon,F,College,372672.8,0,112,1,Special Auto,Luxury,806
AX86150,Washington,M,High School or Below,265671.31,62777,67,0,Personal Auto,Two-Door Car,101
HG39060,Oregon,M,Bachelor,511068.08,0,74,0,Corporate Auto,Four-Door Car,532
EM29359,Nevada,M,College,712659.65,17483,183,0,Personal Auto,Luxury,1317
SF57173,Oregon,M,Master,460163.41,84394,114,0,Personal Auto,SUV,691
OT47603,Oregon,M,College,915523.97,0,127,0,Personal Auto,Luxury,804
SW31412,Oregon,F,College,1480805.62,41440,62,1,Personal Auto,Four-Door Car,297
JS36322,Arizona,M,High School or Below,890167.84,0,136,1,Personal Auto,Luxury,1090
RE81445,Oregon,F,College,573459.82,98132,71,0,Personal Auto,Two-Door Car,50
RM24280,Oregon,F,High School or Below,417769.7,0,112,0,Personal Auto,Four-Door Car,537
LC25393,California,M,Bachelor,2777628.91,88220,230,0,Personal Auto,Luxury,151
UX38930,Arizona,F,Master,1036434.75,58327,129,0,Personal Auto,SUV,347
HD95496,Oregon,M,Master,785190.14,25950,66,0,Personal Auto,Two-Door Car,271
RX24650,Oregon,M,High School or Below,477294.38,20993,133,0,Corporate Auto,SUV,638
DW19309,Oregon,M,High School or Below,1422650.49,65726,177,0,Corporate Auto,SUV,849
MT41386,Washington,M,Bachelor,287543.24,84768,72,0,Personal Auto,Two-Door Car,110
WZ40465,Washington,F,Bachelor,504129.96,36234,63,0,Personal Auto,Four-Door Car,113
DB42794,California,M,College,436293.12,58842,110,0,Personal Auto,Four-Door Car,528
JB50798,Oregon,F,Master,962452.44,25629,124,2,Corporate Auto,Luxury,595
IP69763,Washington,F,College,2191440.55,77311,181,0,Personal Auto,SUV,113
TE35785,California,M,Doctor,694842.22,0,196,2,Personal Auto,Luxury,1337
HX74855,Washington,M,High School or Below,247152.84,95697,61,0,Personal Auto,Two-Door Car,114
QN65180,Oregon,F,Bachelor,2190391.36,22254,79,0,Personal Auto,Four-Door Car,125
GE47180,Nevada,M,High School or Below,902882.14,65974,113,0,Personal Auto,Luxury,235
VQ38776,Oregon,F,College,530375.95,0,76,0,Personal Auto,Four-Door Car,395
BH86846,Washington,M,High School or Below,2070825.88,92079,65,1,Corporate Auto,Four-Door Car,114
IN17648,Nevada,M,High School or Below,512376.81,0,74,0,Personal Auto,Two-Door Car,772
DF95759,Oregon,M,College,949234.3,0,132,0,Personal Auto,SUV,633
QG45324,Oregon,F,High School or Below,820486.32,0,73,0,Personal Auto,Four-Door Car,350
MN61620,Arizona,F,College,987729.57,67752,131,4,Personal Auto,Luxury,168
YH86390,California,F,Bachelor,481500.97,25398,64,0,Corporate Auto,Four-Door Car,307
FY13480,California,M,High School or Below,627701.17,0,88,0,Personal Auto,Four-Door Car,633
YH61661,California,M,High School or Below,826063.98,33321,105,0,Special Auto,SUV,504
NL93182,Nevada,M,Bachelor,254945.0,0,78,0,Corporate Auto,Four-Door Car,845
LN31673,Washington,Unknown,College,1131808.98,38923,99,2,Personal Auto,Four-Door Car,115
WE68644,Oregon,F,Bachelor,380392.18,20325,100,0,Personal Auto,Luxury,668
EZ30498,Oregon,M,Bachelor,863540.35,13129,117,0,Personal Auto,SUV,700
QY74517,Oregon,F,High School or Below,551055.9,0,73,0,Personal Auto,Four-Door Car,525
NM88660,Nevada,M,Master,358588.41,49080,91,0,Corporate Auto,Four-Door Car,25
MZ82036,Nevada,M,College,488925.28,42536,63,0,Personal Auto,Four-Door Car,375
ID20929,Oregon,M,Bachelor,275694.17,29926,74,0,Corporate Auto,Four-Door Car,418
EY50028,Nevada,M,Doctor,328954.74,0,86,0,Corporate Auto,Two-Door Car,398
TT82373,California,F,Bachelor,1093717.85,21450,138,0,Personal Auto,Luxury,938
OH64088,California,M,High School or Below,737556.79,33345,65,0,Corporate Auto,Four-Door Car,338
SK97780,California,F,Bachelor,1011077.82,15752,90,0,Corporate Auto,Two-Door Car,339
IO33050,Oregon,F,High School or Below,511941.43,40169,65,1,Personal Auto,Four-Door Car,302
XA55917,California,F,College,853383.2,26049,113,1,Personal Auto,SUV,619
JK32620,Nevada,M,College,222476.8,0,68,0,Personal Auto,Four-Door Car,326
RQ19236,Arizona,M,Doctor,804280.38,55411,100,0,Personal Auto,Luxury,259
QC47433,Oregon,M,College,255443.71,12459,70,0,Personal Auto,Four-Door Car,336
RA93608,Oregon,M,Bachelor,1807394.0,64620,76,1,Personal Auto,Two-Door Car,364
XH97711,California,M,Bachelor,243050.66,83140,61,0,Corporate Auto,Four-Door Car,179
AU96286,Oregon,F,Bachelor,316765.84,0,92,0,Corporate Auto,Four-Door Car,662
KC17170,Arizona,F,Bachelor,546560.4,54422,68,0,Corporate Auto,Four-Door Car,75
ZN47335,California,M,College,1035751.42,68309,131,0,Corporate Auto,SUV,306
EI46264,California,M,High School or Below,253781.39,56621,65,2,Personal Auto,Four-Door Car,84
EK87864,Arizona,F,College,282194.72,38977,70,0,Special Auto,Four-Door Car,139
GV45403,Arizona,M,Bachelor,775712.81,0,111,0,Corporate Auto,Two-Door Car,607
QK31192,Arizona,M,High School or Below,407913.27,0,114,0,Corporate Auto,Two-Door Car,631
LU89008,Arizona,F,College,595554.46,0,83,0,Personal Auto,Four-Door Car,628
NS10490,Oregon,F,Bachelor,1415861.36,83235,70,0,Personal Auto,Two-Door Car,336
KL98495,Nevada,M,College,848723.8,0,74,0,Personal Auto,Two-Door Car,426
IU96845,Arizona,M,College,628547.69,32390,80,0,Personal Auto,Four-Door Car,91
QL93655,Oregon,F,High School or Below,1147348.15,66538,95,0,Personal Auto,Two-Door Car,317
PF40592,Washington,F,College,494263.06,23285,65,0,Personal Auto,Two-Door Car,118
LZ34046,Oregon,M,Bachelor,2359468.02,76358,66,0,Personal Auto,Four-Door Car,86
JC80093,Washington,M,Master,257250.66,21104,66,0,Personal Auto,Four-Door Car,118
YE88490,Arizona,F,College,538089.86,55350,67,0,Personal Auto,Four-Door Car,321
YC80498,California,F,College,477055.09,12964,65,0,Personal Auto,Two-Door Car,362
AI85843,Arizona,F,Master,675665.14,33288,86,2,Personal Auto,Four-Door Car,221
XD66024,Arizona,F,College,593601.18,0,84,0,Personal Auto,Four-Door Car,980
FY51713,Arizona,F,Bachelor,357076.05,56168,88,0,Personal Auto,Four-Door Car,614
PH26378,California,M,College,601996.05,0,92,0,Personal Auto,Four-Door Car,662
WQ18638,Oregon,M,High School or Below,542686.4,23105,69,0,Personal Auto,Two-Door Car,331
KY14688,Oregon,F,Master,273031.38,36218,68,0,Personal Auto,Four-Door Car,145
TC97762,California,F,High School or Below,498268.14,52275,62,0,Corporate Auto,Four-Door Car,374
QC87108,Oregon,F,College,876926.68,49665,74,0,Personal Auto,Four-Door Car,355
CX12134,Nevada,M,High School or Below,422061.35,32471,110,0,Personal Auto,Two-Door Car,528
SM73248,Arizona,M,High School or Below,1153750.51,0,86,1,Corporate Auto,Two-Door Car,619
CK19789,California,F,Master,588718.2,62773,73,0,Personal Auto,Four-Door Car,80
UV12583,California,F,College,470058.38,76694,117,0,Personal Auto,SUV,561
JC11405,Oregon,M,High School or Below,1096395.72,55687,276,0,Personal Auto,Luxury,1324
KA89683,Arizona,F,High School or Below,252317.12,0,70,0,Personal Auto,Four-Door Car,504
BG85305,Nevada,M,Doctor,375780.47,36633,96,1,Personal Auto,Four-Door Car,460
UQ87917,Oregon,M,High School or Below,1294173.35,77060,106,0,Personal Auto,SUV,468
XN11823,Nevada,F,Bachelor,376446.51,92600,94,0,Corporate Auto,Two-Door Car,842
OS46571,California,M,High School or Below,688955.7,0,66,0,Personal Auto,Four-Door Car,475
PX17116,Nevada,M,College,362345.42,0,111,2,Corporate Auto,SUV,1171
RP19541,Arizona,M,College,758211.38,64801,64,0,Personal Auto,Four-Door Car,268
ZR25747,Oregon,F,College,827774.56,45257,103,0,Corporate Auto,Two-Door Car,494
NQ86532,California,M,High School or Below,257645.56,26854,66,0,Personal Auto,Four-Door Car,475
JY27336,Oregon,F,College,820538.79,85840,102,2,Corporate Auto,SUV,138
PB54378,Oregon,F,Doctor,1958246.89,26463,72,0,Corporate Auto,Four-Door Car,345
SV38190,Nevada,F,Bachelor,648152.66,30689,81,0,Personal Auto,Four-Door Car,467
CV24005,Oregon,M,High School or Below,259931.09,29590,66,0,Corporate Auto,Two-Door Car,467
EX28656,Oregon,F,College,983033.76,25965,253,0,Personal Auto,Luxury,1214
CF57022,Oregon,M,Bachelor,1044265.14,17269,139,0,Personal Auto,SUV,667
GM16780,Oregon,M,College,3605753.7,90330,137,3,Corporate Auto,Luxury,192
BX94438,California,F,High School or Below,847003.68,0,113,0,Corporate Auto,SUV,619
RM41745,California,F,High School or Below,827878.65,0,110,0,Personal Auto,Four-Door Car,1002
XR70252,California,F,High School or Below,478893.26,0,67,1,Personal Auto,Two-Door Car,321
YH92099,Arizona,F,Bachelor,308799.99,18558,80,0,Special Auto,Four-Door Car,384
SG81493,Arizona,M,Bachelor,444373.62,46384,113,0,Corporate Auto,Four-Door Car,251
ZX23819,Oregon,F,High School or Below,798408.65,0,72,0,Personal Auto,Two-Door Car,866
FJ54907,Oregon,F,College,718097.1,42303,180,0,Personal Auto,Luxury,1210
CU26127,California,F,Bachelor,1565603.43,71731,130,0,Corporate Auto,SUV,599
YH60476,Oregon,M,High School or Below,578018.22,51066,74,0,Corporate Auto,Four-Door Car,787
ZZ97035,California,M,College,2071494.04,0,203,0,Corporate Auto,Luxury,2027
GE82737,Nevada,F,Bachelor,533735.24,0,86,3,Personal Auto,Four-Door Car,619
KY21873,Arizona,M,College,505082.62,0,69,0,Personal Auto,Two-Door Car,72
UA51318,Arizona,F,High School or Below,511662.4,26173,68,1,Corporate Auto,Four-Door Car,449
BV55014,Oregon,M,Bachelor,726873.7,24445,63,0,Personal Auto,Two-Door Car,302
HX21307,Oregon,M,College,261661.39,72302,66,0,Personal Auto,Two-Door Car,316
LQ68252,Oregon,M,High School or Below,373843.62,27208,102,0,Personal Auto,SUV,489
CR92802,California,F,Master,272535.64,36650,69,1,Special Auto,Four-Door Car,56
SL35268,Arizona,M,College,545386.12,30855,68,0,Corporate Auto,Four-Door Car,259
RD62882,Arizona,F,Bachelor,684615.03,0,95,0,Personal Auto,Two-Door Car,456
JS42382,Oregon,M,Master,617291.42,99960,76,0,Corporate Auto,Four-Door Car,364
BT30554,Arizona,F,Bachelor,1034632.45,0,98,0,Personal Auto,Four-Door Car,470
VP57424,Nevada,F,Bachelor,699700.86,55873,88,0,Personal Auto,Four-Door Car,299
VU19243,Arizona,F,High School or Below,419625.77,18052,111,0,Personal Auto,Four-Door Car,699
TA82973,Oregon,F,High School or Below,785810.98,28937,104,2,Personal Auto,SUV,117
GK71720,Oregon,F,High School or Below,606434.4,0,86,0,Personal Auto,Four-Door Car,545
OQ61223,California,M,College,1749752.2,0,73,0,Personal Auto,Two-Door Car,350
LL62746,Oregon,M,Doctor,897064.73,12829,118,0,Personal Auto,SUV,328
JQ56711,Oregon,F,Master,592311.72,92163,73,0,Personal Auto,Two-Door Car,66
AW77988,Oregon,M,High School or Below,3585059.94,17588,192,0,Personal Auto,Luxury,1382
QP84605,Washington,F,Bachelor,870984.53,41546,111,0,Corporate Auto,Four-Door Car,121
MY97912,Arizona,M,College,1330933.52,0,127,0,Personal Auto,SUV,609
IB87349,California,M,High School or Below,452850.49,70340,113,0,Special Auto,Four-Door Car,542
AW73065,Oregon,F,High School or Below,279190.65,0,74,0,Personal Auto,Four-Door Car,532
BW80872,Washington,M,High School or Below,443441.12,34549,111,0,Personal Auto,Four-Door Car,125
PX70175,Arizona,M,College,799600.75,93459,99,0,Personal Auto,Four-Door Car,655
KF75098,Arizona,M,Bachelor,512973.9,86148,65,2,Personal Auto,Four-Door Car,312
IS50283,California,F,Bachelor,569717.52,27048,72,0,Corporate Auto,Four-Door Car,345
MY64920,Oregon,F,College,921713.06,73259,115,0,Personal Auto,SUV,673
KN34250,Oregon,F,College,1020892.76,35482,129,0,Corporate Auto,SUV,619
GN46207,Oregon,F,Master,417068.73,29462,107,1,Personal Auto,SUV,513
KL57176,Oregon,F,College,450540.58,67801,115,1,Personal Auto,SUV,23
MN94234,California,M,High School or Below,310756.86,0,94,4,Personal Auto,Two-Door Car,451
JY90595,Arizona,M,High School or Below,552866.5,16042,73,0,Personal Auto,Two-Door Car,350
HK26543,California,M,High School or Below,504586.67,28056,64,1,Personal Auto,Four-Door Car,307
PN86062,California,M,High School or Below,296272.25,16495,85,3,Corporate Auto,Four-Door Car,408
VW27730,California,F,Master,866595.64,41163,108,0,Corporate Auto,SUV,231
SH55671,Arizona,F,College,1141344.12,0,161,1,Personal Auto,Luxury,772
MO56878,California,M,Bachelor,1548843.2,33799,109,3,Corporate Auto,SUV,664
VO38365,Washington,F,College,886114.95,90125,110,0,Corporate Auto,SUV,128
SV35618,Oregon,F,Bachelor,593474.15,87747,147,1,Personal Auto,SUV,46
RX12347,Nevada,M,College,354323.21,35695,90,0,Personal Auto,Four-Door Car,432
FR55658,California,M,Master,349002.83,90985,87,0,Personal Auto,Four-Door Car,78
XS12556,California,F,College,368309.99,0,101,0,Corporate Auto,Luxury,564
ZU73588,California,M,College,598977.39,66839,154,0,Personal Auto,Luxury,739
WT43034,California,F,High School or Below,1250084.3,0,165,0,Personal Auto,SUV,792
VM13430,Oregon,F,Bachelor,860915.82,79090,107,0,Corporate Auto,SUV,289
TC78849,Oregon,M,Bachelor,249745.51,24825,64,0,Personal Auto,Two-Door Car,155
VC34764,California,M,College,701917.72,26806,63,0,Personal Auto,Four-Door Car,302
WO90953,Oregon,F,College,538792.63,56835,67,0,Personal Auto,Two-Door Car,326
IU47468,Oregon,F,Bachelor,616555.75,0,88,0,Special Auto,Two-Door Car,653
KO46064,California,M,Bachelor,273020.29,46135,69,0,Personal Auto,Four-Door Car,103
RB34917,Arizona,F,Bachelor,516211.69,0,73,0,Personal Auto,Four-Door Car,809
BI38192,Oregon,F,High School or Below,793706.48,22862,67,0,Personal Auto,Two-Door Car,321
PU18983,Oregon,F,High School or Below,860815.72,21450,110,2,Personal Auto,Luxury,528
SW79912,Oregon,M,Bachelor,263254.58,95854,65,0,Personal Auto,Two-Door Car,312
ES39217,Oregon,F,Bachelor,778500.42,44897,99,1,Personal Auto,Four-Door Car,580
KP72427,Washington,M,High School or Below,2163983.86,64455,108,0,Personal Auto,SUV,133
UA19178,Oregon,F,Master,498082.5,53265,62,0,Personal Auto,Four-Door Car,238
PR53785,Arizona,F,High School or Below,745723.78,0,198,1,Personal Auto,Luxury,1577
XF57481,Washington,M,Master,1064093.93,50450,90,0,Personal Auto,Two-Door Car,135
CN90378,California,F,High School or Below,686250.83,54780,88,3,Personal Auto,Four-Door Car,135
KI56154,Nevada,M,High School or Below,904898.34,0,119,0,Personal Auto,Luxury,571
UI55951,California,M,Bachelor,554803.19,67798,69,0,Personal Auto,Four-Door Car,331
FF28650,Oregon,M,Bachelor,831268.16,21442,118,0,Personal Auto,SUV,566
FS55302,California,M,Bachelor,238998.1,27615,62,1,Personal Auto,Four-Door Car,297
TN79487,California,M,Bachelor,445811.34,17622,65,1,Personal Auto,Four-Door Car,312
HG32616,Nevada,M,High School or Below,529574.17,50200,135,0,Personal Auto,Luxury,637
UK41984,Arizona,F,Doctor,383960.61,0,112,2,Personal Auto,SUV,537
LZ52266,California,F,High School or Below,373150.46,0,96,0,Personal Auto,Four-Door Car,460
PM27367,California,F,Master,277890.37,73570,70,1,Special Auto,Two-Door Car,75
ZK21724,Oregon,F,High School or Below,401654.2,0,111,0,Personal Auto,SUV,799
BH35482,Washington,M,Doctor,493094.93,70412,61,0,Corporate Auto,Two-Door Car,136
QE22757,Nevada,M,Doctor,249131.7,36631,62,0,Personal Auto,Four-Door Car,67
ON77649,Oregon,F,College,290887.59,35895,73,0,Personal Auto,Four-Door Car,312
RN82884,Arizona,F,College,428294.8,40864,109,1,Personal Auto,SUV,166
CQ75652,Oregon,M,College,834162.37,0,118,0,Personal Auto,Four-Door Car,566
FF58467,Arizona,F,Master,509078.13,93018,63,0,Personal Auto,Four-Door Car,135
BS83666,Oregon,M,Bachelor,736618.83,70014,62,0,Corporate Auto,Four-Door Car,17
WO29605,Oregon,F,College,243687.51,48875,61,0,Personal Auto,Two-Door Car,1
TL77607,California,M,Bachelor,885268.87,67969,74,0,Personal Auto,Four-Door Car,197
EZ50606,Oregon,F,High School or Below,2387547.68,0,108,0,Corporate Auto,SUV,612
OS39723,Oregon,F,Doctor,560049.65,68665,69,0,Personal Auto,Two-Door Car,331
FN69743,California,M,College,463654.65,26802,66,1,Corporate Auto,Two-Door Car,316
XW96958,Nevada,M,High School or Below,757334.51,0,110,0,Corporate Auto,Four-Door Car,1193
TU92578,California,M,College,1469663.55,45345,125,0,Personal Auto,SUV,600
TL43709,Washington,M,Bachelor,897214.03,89689,74,0,Personal Auto,Four-Door Car,136
YE68736,California,F,Bachelor,772484.01,32051,193,1,Personal Auto,SUV,926
OB96537,Oregon,M,Master,594667.07,81139,74,0,Special Auto,Four-Door Car,392
EU68825,Oregon,F,Master,800054.51,63834,100,1,Personal Auto,Luxury,215
CC31456,Arizona,M,Bachelor,645756.1,37548,81,0,Special Auto,Four-Door Car,160
DJ77787,Arizona,F,High School or Below,728144.01,0,69,3,Personal Auto,Four-Door Car,371
LN26837,California,M,High School or Below,259243.78,72421,65,0,Personal Auto,Four-Door Car,312
YI92916,Nevada,M,Master,467842.34,83102,116,0,Corporate Auto,Four-Door Car,443
NW54906,Oregon,M,College,1386992.71,28432,118,0,Personal Auto,SUV,612
ME77513,Nevada,F,Master,871777.78,83707,108,0,Corporate Auto,Four-Door Car,290
UK76891,California,F,College,523398.68,63259,65,0,Corporate Auto,Four-Door Car,316
SI26888,Nevada,F,High School or Below,476418.97,0,67,0,Personal Auto,Four-Door Car,405
YD74948,Oregon,F,College,247246.92,63860,62,0,Personal Auto,Four-Door Car,208
HB64268,Washington,M,Bachelor,281369.26,43836,73,0,Personal Auto,Four-Door Car,138
BW52697,California,F,College,550505.7,86132,68,0,Personal Auto,Two-Door Car,301
NL41409,Oregon,F,Bachelor,260620.85,28519,66,0,Personal Auto,Two-Door Car,456
OD69005,Arizona,F,High School or Below,1048194.38,39102,88,0,Personal Auto,Four-Door Car,152
ZZ91716,California,F,Bachelor,325676.64,0,89,0,Personal Auto,Four-Door Car,491
UK70255,California,F,College,3047578.05,97298,128,0,Personal Auto,Luxury,48
QT25383,Nevada,M,High School or Below,636490.22,41986,84,2,Personal Auto,Two-Door Car,430
AW18068,Arizona,M,High School or Below,946850.93,0,88,0,Personal Auto,Two-Door Car,633
NS45347,Oregon,F,College,563145.19,17291,73,0,Personal Auto,Four-Door Car,350
FV19421,California,M,Bachelor,778099.93,0,74,0,Personal Auto,Four-Door Car,246
XW89091,California,M,College,981652.83,37256,62,0,Personal Auto,Four-Door Car,128
YC11951,Oregon,M,High School or Below,751913.36,96306,95,1,Corporate Auto,Four-Door Car,185
UY18770,California,F,Bachelor,1017971.7,14290,271,0,Personal Auto,Luxury,1300
RA49085,California,F,College,277283.92,37038,71,1,Corporate Auto,Four-Door Car,9
BG84194,Oregon,M,College,403750.18,90760,103,2,Special Auto,SUV,133
PT64580,Washington,M,Master,419196.61,77048,103,0,Personal Auto,SUV,141
MR67738,Oregon,F,High School or Below,267686.79,54480,67,0,Personal Auto,Four-Door Car,321
DM95829,California,M,College,252395.96,16244,68,0,Personal Auto,Two-Door Car,623
DB75522,California,F,College,698840.16,22436,89,0,Special Auto,Four-Door Car,427
LM34525,Washington,F,College,874205.78,71592,72,0,Personal Auto,Four-Door Car,141
WW30771,Arizona,M,Master,267331.96,28728,67,0,Personal Auto,Four-Door Car,321
QP65569,Arizona,M,High School or Below,1215732.99,57449,103,0,Personal Auto,Four-Door Car,494
TN50051,California,F,Doctor,295776.4,83318,73,0,Personal Auto,Two-Door Car,211
UO86707,Washington,M,Bachelor,717390.94,75217,61,1,Personal Auto,Four-Door Car,147
JA41698,Nevada,M,Bachelor,309953.8,0,102,5,Corporate Auto,SUV,862
NX18774,Oregon,M,Bachelor,841568.46,55308,107,0,Corporate Auto,SUV,513
DA69469,Oregon,F,College,2684312.45,36068,97,0,Personal Auto,Two-Door Car,113
CN23147,Oregon,M,Bachelor,1305717.07,48804,112,1,Corporate Auto,Four-Door Car,537
RA68844,Oregon,M,College,959995.02,0,131,0,Personal Auto,SUV,943
GH42026,Oregon,M,Bachelor,853510.89,55790,111,0,Personal Auto,SUV,117
BD16530,Arizona,F,Bachelor,829348.19,70258,69,0,Personal Auto,Four-Door Car,225
JH91579,Oregon,F,Bachelor,684615.03,0,95,0,Personal Auto,Two-Door Car,456
WK23685,Oregon,F,Bachelor,663685.98,47274,83,1,Corporate Auto,Four-Door Car,182
GR62267,Washington,F,College,560908.25,44705,71,0,Personal Auto,Two-Door Car,148
PI78084,Arizona,M,High School or Below,507732.09,0,73,0,Personal Auto,Two-Door Car,525
GF97874,Washington,F,Master,527562.7,70446,65,0,Personal Auto,Four-Door Car,155
ZH19885,Washington,F,High School or Below,251459.2,43860,65,0,Personal Auto,Four-Door Car,156
UK25655,Oregon,F,Bachelor,343525.01,64348,86,0,Personal Auto,Two-Door Car,212
QR45101,Oregon,M,Bachelor,662461.18,0,62,0,Corporate Auto,Two-Door Car,297
EL93539,California,M,Master,575744.23,88997,72,0,Special Auto,Four-Door Car,174
EE99484,Washington,F,High School or Below,251459.2,43860,65,0,Corporate Auto,Four-Door Car,156
DP46882,California,F,High School or Below,288645.16,10312,78,0,Corporate Auto,Four-Door Car,486
WP41146,California,F,High School or Below,534143.88,0,72,1,Personal Auto,Four-Door Car,345
TK60799,Arizona,F,High School or Below,416001.81,96263,103,0,Personal Auto,SUV,1
DN29808,California,F,College,284624.54,28919,72,0,Corporate Auto,Four-Door Car,518
SS59521,Oregon,F,College,477025.66,0,68,1,Personal Auto,Two-Door Car,326
NG66579,Oregon,M,Bachelor,505961.62,41869,64,0,Personal Auto,Two-Door Car,262
TC14209,Arizona,F,High School or Below,909574.46,0,128,0,Personal Auto,SUV,921
ED50963,California,F,High School or Below,268886.4,32808,68,1,Personal Auto,Four-Door Car,541
GP40701,California,F,Bachelor,827763.76,79780,68,0,Personal Auto,Four-Door Car,326
CP98451,Oregon,F,College,905793.53,91025,112,0,Personal Auto,SUV,327
NX52648,California,F,High School or Below,380175.04,33043,95,0,Personal Auto,Two-Door Car,456
ZC32510,Arizona,M,High School or Below,933934.16,69442,118,3,Personal Auto,Four-Door Car,1265
NG27780,Oregon,M,College,252012.32,0,70,0,Corporate Auto,Four-Door Car,63
HN95240,Arizona,F,College,498409.53,0,70,0,Corporate Auto,Four-Door Car,336
EB59129,Oregon,F,Bachelor,259574.8,47234,65,0,Personal Auto,Four-Door Car,15
RA70851,Oregon,M,High School or Below,743769.33,86863,92,0,Personal Auto,Four-Door Car,441
PM19162,Oregon,M,Bachelor,1453678.76,25805,66,2,Personal Auto,Four-Door Car,375
MS59005,Nevada,M,Bachelor,591330.59,43676,76,0,Personal Auto,Four-Door Car,364
SU71163,Arizona,M,College,277166.3,59855,74,4,Personal Auto,Two-Door Car,355
BD35676,Arizona,M,Master,2919436.64,35296,126,0,Personal Auto,SUV,452
NI44621,Oregon,F,Master,988038.58,36576,125,1,Personal Auto,SUV,113
EW33419,California,F,High School or Below,1511440.24,28513,100,1,Corporate Auto,SUV,480
HX44948,Oregon,M,Bachelor,575991.08,85448,72,0,Special Auto,Four-Door Car,16
DL36983,Oregon,F,High School or Below,849516.42,23791,110,3,Personal Auto,Two-Door Car,615
XR87264,California,F,Bachelor,438118.42,20597,112,0,Personal Auto,Four-Door Car,615
NN99001,Arizona,F,College,699782.74,56940,87,0,Personal Auto,Four-Door Car,512
XV95530,Oregon,M,Bachelor,1143058.85,93210,71,0,Personal Auto,Two-Door Car,74
OL97871,Oregon,F,Bachelor,748248.61,48992,94,1,Personal Auto,Four-Door Car,426
HQ23708,Arizona,F,Master,859691.66,53736,71,0,Personal Auto,Two-Door Car,169
WR63188,Arizona,M,College,785496.08,25378,66,1,Personal Auto,Four-Door Car,419
NG82219,Oregon,F,Bachelor,258240.85,76731,64,0,Personal Auto,Four-Door Car,201
KU29408,Washington,M,Master,907576.82,37722,116,0,Corporate Auto,Luxury,158
RE46783,California,F,Bachelor,411858.86,69379,103,0,Personal Auto,Two-Door Car,494
RU94434,Oregon,M,High School or Below,1215732.99,57449,103,0,Personal Auto,Four-Door Car,494
GI82355,Arizona,M,Bachelor,515281.96,0,68,0,Corporate Auto,Four-Door Car,326
VO26340,Nevada,M,College,651297.65,0,93,0,Personal Auto,Two-Door Car,669
NV61299,Arizona,F,Bachelor,2778969.24,33806,89,0,Corporate Auto,Four-Door Car,395
DX31066,Washington,F,College,266727.0,94041,66,0,Personal Auto,Four-Door Car,159
CY50337,Oregon,F,College,1092840.71,74965,90,0,Personal Auto,Four-Door Car,58
TJ20375,Arizona,F,High School or Below,761538.13,34095,63,0,Personal Auto,Two-Door Car,302
EP72155,California,F,College,200435.07,0,66,4,Personal Auto,Four-Door Car,316
JJ76159,California,M,College,243468.12,96045,61,0,Corporate Auto,Four-Door Car,8
BG15419,Nevada,F,Bachelor,1419536.03,86355,118,0,Personal Auto,Luxury,285
AO74776,California,F,High School or Below,942768.49,27824,118,0,Personal Auto,SUV,566
HQ82233,California,M,High School or Below,1198242.09,42995,101,0,Personal Auto,SUV,410
OL72737,Oregon,F,High School or Below,310278.95,21235,79,0,Personal Auto,Two-Door Car,244
ZQ59828,California,M,High School or Below,422263.12,74585,106,0,Personal Auto,SUV,218
NZ15548,Oregon,M,Bachelor,402381.44,41833,103,0,Personal Auto,Four-Door Car,643
XK61304,California,F,College,529715.18,23908,70,0,Personal Auto,Four-Door Car,336
EJ44139,Oregon,M,Bachelor,2142363.72,0,65,0,Personal Auto,Two-Door Car,312
CM94425,Arizona,M,Bachelor,441620.62,61953,113,0,Personal Auto,SUV,497
OV54878,California,M,Bachelor,463903.52,0,142,0,Corporate Auto,SUV,1022
JF57282,Nevada,M,Bachelor,486354.46,0,137,0,Personal Auto,SUV,657
MY37953,Arizona,F,Bachelor,2583090.98,73760,107,1,Personal Auto,Luxury,230
XP64922,Oregon,F,College,297431.49,23333,74,0,Corporate Auto,Four-Door Car,5
WL65572,California,M,College,206445.88,0,61,0,Personal Auto,Four-Door Car,292
LN50325,Arizona,F,High School or Below,1006460.83,20440,128,2,Corporate Auto,Luxury,614
HJ15383,Washington,M,Master,803240.19,27658,68,0,Personal Auto,Four-Door Car,160
KH59823,California,M,College,548921.41,50943,139,0,Special Auto,SUV,667
YM79169,California,M,Bachelor,261275.67,19003,71,0,Personal Auto,Two-Door Car,34
DR38127,California,M,College,857346.39,46703,108,0,Personal Auto,Four-Door Car,678
PU42145,California,M,Bachelor,2412750.4,14072,71,0,Personal Auto,Four-Door Car,511
KM33477,Oregon,M,College,855038.66,21733,73,0,Corporate Auto,Four-Door Car,525
RI53167,Arizona,M,Bachelor,230864.8,20811,61,0,Personal Auto,Four-Door Car,292
OF77789,Arizona,F,High School or Below,425462.07,11904,61,2,Personal Auto,Two-Door Car,292
YB33445,Oregon,F,College,898285.04,43490,114,4,Corporate Auto,SUV,174
BA17836,California,M,High School or Below,786816.6,57340,67,0,Corporate Auto,Four-Door Car,159
JS43228,California,M,College,770424.87,49088,97,0,Corporate Auto,Four-Door Car,698
BB11622,Nevada,M,Master,1055217.0,47761,131,0,Personal Auto,SUV,232
HQ70429,Washington,F,College,1604510.95,0,65,0,Personal Auto,Two-Door Car,163
WK88044,Arizona,M,Bachelor,873783.75,61281,110,0,Personal Auto,SUV,79
LA80525,Nevada,M,Bachelor,545489.07,0,82,1,Corporate Auto,Two-Door Car,393
EH16250,Arizona,M,Bachelor,770528.33,25290,66,0,Personal Auto,Four-Door Car,382
PU41872,Arizona,F,High School or Below,703926.24,24239,88,0,Personal Auto,Four-Door Car,48
HB85743,California,M,Bachelor,883808.56,82664,114,3,Personal Auto,SUV,133
MM71959,Arizona,M,Bachelor,873352.73,83210,110,0,Personal Auto,Luxury,528
MB83663,Oregon,F,Bachelor,959747.48,38736,81,0,Personal Auto,Two-Door Car,561
KR43119,California,M,College,450666.02,0,66,0,Personal Auto,Four-Door Car,316
KH24214,Oregon,M,College,1785797.23,55437,64,1,Personal Auto,Four-Door Car,445
AC40767,Washington,M,Bachelor,249780.82,68041,6464,0,Personal Auto,Two-Door Car,165
HP55391,Oregon,M,Master,542613.62,0,71,0,Corporate Auto,Four-Door Car,407
EG62398,California,F,High School or Below,799814.38,29066,100,0,Personal Auto,SUV,844
VS19949,Nevada,M,Bachelor,289762.07,54337,72,0,Personal Auto,Four-Door Car,345
AM92343,Oregon,F,High School or Below,1159950.22,67616,96,0,Personal Auto,Four-Door Car,340
GI68556,California,F,Bachelor,1514793.06,41082,63,0,Personal Auto,Two-Door Car,106
JT11876,Washington,F,High School or Below,543576.78,0,10202,0,Personal Auto,Four-Door Car,626
XR64251,Nevada,F,Master,272535.64,36650,69,1,Personal Auto,Four-Door Car,56
MK34957,Oregon,F,College,1329771.23,50631,112,4,Special Auto,SUV,784
GP18756,California,M,College,992704.97,19592,92,0,Personal Auto,Four-Door Car,441
AP23850,Washington,F,High School or Below,1777154.9,0,114,0,Personal Auto,Two-Door Car,547
KQ65521,Arizona,F,College,1826927.02,55761,115,0,Personal Auto,Luxury,86
EJ19449,California,F,College,272221.07,17576,71,0,Special Auto,Four-Door Car,398
QB70027,California,F,Bachelor,708321.24,41449,89,0,Personal Auto,Four-Door Car,63
QW47320,California,F,Bachelor,1017971.7,14290,271,0,Personal Auto,Luxury,1300
KH64733,Nevada,F,College,588950.91,62007,73,0,Personal Auto,Four-Door Car,120
ON59472,Arizona,M,High School or Below,1577139.34,21921,206,0,Corporate Auto,Luxury,1254
HP94242,Arizona,F,Bachelor,528817.33,42621,66,0,Personal Auto,Four-Door Car,316
RV15398,Oregon,M,College,2758055.4,0,87,1,Personal Auto,Four-Door Car,417
EA25683,Washington,M,High School or Below,777853.23,63786,196,0,Corporate Auto,Luxury,798
PW73754,California,F,High School or Below,734186.13,0,104,3,Personal Auto,Luxury,82
MC71942,California,F,High School or Below,791919.7,82877,99,1,Personal Auto,Two-Door Car,22
OX72195,Arizona,M,College,216387.02,0,63,0,Corporate Auto,Two-Door Car,302
YQ99152,Nevada,M,High School or Below,978780.88,10475,88,1,Personal Auto,Two-Door Car,422
KI19439,Oregon,F,High School or Below,520764.08,21952,66,0,Personal Auto,Four-Door Car,316
PM76175,Oregon,F,Bachelor,2114727.72,49721,132,0,Corporate Auto,Luxury,639
US45383,California,M,College,1228076.66,88340,102,0,Personal Auto,Two-Door Car,489
GT38956,California,F,College,244139.42,0,65,0,Personal Auto,Four-Door Car,312
SN41301,Oregon,M,Bachelor,653556.06,0,65,0,Corporate Auto,Four-Door Car,468
BE62503,Washington,F,College,920659.83,24589,82,0,Personal Auto,Two-Door Car,511
PA16884,California,F,Bachelor,411858.86,69379,103,0,Personal Auto,Two-Door Car,494
NC58480,Nevada,F,Bachelor,483820.9,73769,61,2,Personal Auto,Four-Door Car,239
NS39326,California,F,College,462554.81,66670,114,0,Personal Auto,SUV,518
PN18507,Arizona,M,Bachelor,1404210.3,88854,118,0,Personal Auto,Two-Door Car,715
EK91340,Oregon,M,Bachelor,754661.35,31266,193,0,Corporate Auto,Luxury,926
JY16280,California,F,High School or Below,251459.2,43860,65,0,Personal Auto,Four-Door Car,156
ZW71731,California,M,Bachelor,517035.84,89284,133,2,Corporate Auto,SUV,402
ZC24631,Oregon,M,College,1391737.72,67267,89,0,Corporate Auto,Four-Door Car,94
YR34689,California,F,High School or Below,1131813.08,79270,95,3,Personal Auto,Four-Door Car,456
RT65829,Oregon,M,Bachelor,427636.36,36692,109,1,Personal Auto,Four-Door Car,523
BZ12077,Oregon,F,High School or Below,432224.03,0,119,0,Personal Auto,SUV,571
WM65373,California,F,College,800230.83,0,107,0,Corporate Auto,SUV,513
NH35059,Nevada,M,College,388545.64,0,105,0,Corporate Auto,Four-Door Car,504
QD38160,Oregon,M,College,447177.82,0,135,0,Personal Auto,SUV,972
BM15160,California,F,High School or Below,849635.28,44624,71,1,Special Auto,Four-Door Car,73
VY79030,Arizona,F,College,2250088.35,0,71,0,Corporate Auto,Four-Door Car,340
EV19512,Nevada,F,Master,1630196.76,19614,85,0,Personal Auto,Two-Door Car,574
TE13577,Oregon,F,College,231973.59,0,64,0,Personal Auto,Four-Door Car,632
WY97929,Arizona,M,College,871704.98,83846,74,3,Special Auto,Four-Door Car,355
YG20683,Washington,M,College,286011.17,51159,72,0,Personal Auto,Four-Door Car,4
FK75497,California,M,College,245340.83,83772,62,0,Personal Auto,Two-Door Car,42
NE60110,Arizona,M,College,598977.39,66839,154,0,Personal Auto,Luxury,739
TN36521,Arizona,F,College,2498022.55,88440,70,0,Personal Auto,Two-Door Car,27
HG33568,Arizona,F,Master,748263.95,25666,63,2,Personal Auto,Four-Door Car,270
TW17878,Oregon,F,High School or Below,245757.6,52926,61,0,Personal Auto,Four-Door Car,292
ZO83562,Nevada,F,Bachelor,237974.12,0,67,0,Personal Auto,Four-Door Car,494
CH97539,Washington,F,Bachelor,828696.44,40001,70,0,Personal Auto,Four-Door Car,142
CV29889,California,M,College,239391.54,0,70,0,Personal Auto,Four-Door Car,425
MO33320,Oregon,M,College,465715.95,18024,65,0,Personal Auto,Two-Door Car,312
QZ81258,Oregon,F,College,1319792.89,0,68,3,Personal Auto,Four-Door Car,326
NY56352,Oregon,F,Bachelor,280391.67,23220,74,0,Personal Auto,Four-Door Car,251
EA27048,California,F,High School or Below,864650.41,64125,108,0,Personal Auto,SUV,369
UT38865,Oregon,F,College,742587.06,58042,62,0,Corporate Auto,Four-Door Car,161
QC89139,Oregon,F,High School or Below,452873.74,90034,112,0,Corporate Auto,SUV,537
LA14484,Nevada,M,High School or Below,222707.28,27972,61,0,Special Auto,Four-Door Car,292
HN57556,California,F,High School or Below,729294.88,0,65,0,Personal Auto,Four-Door Car,312
CV31235,Arizona,M,Bachelor,318435.52,50989,80,0,Corporate Auto,Four-Door Car,255
WR45726,Arizona,F,Bachelor,1131520.37,11885,101,0,Special Auto,Four-Door Car,484
LB25094,California,F,Bachelor,253070.51,89451,63,0,Special Auto,Four-Door Car,61
KW56110,Oregon,M,Bachelor,1836155.53,0,182,0,Personal Auto,Luxury,1310
XO36233,Washington,M,Bachelor,864153.0,78904,109,0,Personal Auto,SUV,250
ZX86243,Arizona,M,Doctor,327853.19,70247,83,1,Personal Auto,Four-Door Car,141
DW29763,Arizona,M,High School or Below,527198.21,32653,67,0,Personal Auto,Two-Door Car,321
CT83377,Washington,M,High School or Below,376363.77,93595,97,4,Special Auto,Four-Door Car,49
OQ90898,California,M,Master,1395556.96,90279,115,0,Personal Auto,SUV,372
GO77248,Oregon,F,College,500152.75,0,72,0,Personal Auto,Four-Door Car,542
QW33258,California,M,Bachelor,708283.04,53310,189,3,Personal Auto,Luxury,1360
OU79745,California,M,College,761948.28,0,105,0,Personal Auto,Four-Door Car,504
VZ79886,Oregon,F,Bachelor,1255088.2,22234,160,0,Personal Auto,SUV,768
FI92440,Washington,F,High School or Below,3219660.04,91375,99,0,Personal Auto,Two-Door Car,72
YG85980,Nevada,F,High School or Below,679377.41,22250,86,0,Personal Auto,Two-Door Car,720
QM74621,Oregon,M,Bachelor,527231.97,0,80,0,Personal Auto,Four-Door Car,576
EI71732,Oregon,F,Doctor,626534.33,0,84,1,Personal Auto,Four-Door Car,481
VN79010,California,F,High School or Below,854758.61,51179,71,0,Corporate Auto,Four-Door Car,466
FI61723,California,M,Bachelor,278742.37,38667,72,0,Personal Auto,Four-Door Car,159
OH55411,California,F,Master,462680.11,79487,114,0,Corporate Auto,SUV,547
TF10720,Nevada,F,Doctor,866336.4,67763,107,2,Personal Auto,Four-Door Car,41
NW30838,Nevada,M,High School or Below,387222.22,0,62,2,Corporate Auto,Four-Door Car,503
CB58476,Oregon,F,College,517081.15,0,71,0,Corporate Auto,Four-Door Car,859
WI69346,California,F,Master,896028.02,71943,112,0,Corporate Auto,SUV,305
FS76657,Oregon,F,College,547183.43,53526,68,0,Personal Auto,Four-Door Car,278
YX89016,Oregon,M,College,3493100.17,35005,295,0,Personal Auto,Luxury,1416
PK28821,California,M,College,262039.23,24721,67,0,Personal Auto,Four-Door Car,139
MB51200,Washington,M,College,1906949.95,0,102,2,Personal Auto,Four-Door Car,734
XG44587,Arizona,M,Master,575744.23,88997,72,0,Personal Auto,Four-Door Car,174
FG91922,Arizona,M,Master,4022401.36,48587,111,0,Personal Auto,SUV,532
OM99303,Arizona,F,High School or Below,270148.83,76310,67,0,Personal Auto,Two-Door Car,321
RV67546,California,M,Bachelor,371243.05,73205,92,0,Personal Auto,Four-Door Car,37
UJ79253,Oregon,F,College,2185084.0,51056,78,0,Personal Auto,Four-Door Car,95
PN98247,California,M,College,784016.58,58414,210,2,Personal Auto,Luxury,1008
IB67546,California,F,Bachelor,823703.79,23940,107,0,Personal Auto,SUV,513
OE19087,California,F,High School or Below,224347.39,0,62,0,Personal Auto,Four-Door Car,446
CM95716,California,M,Bachelor,843446.41,44216,71,0,Personal Auto,Four-Door Car,72
MW62634,California,M,High School or Below,222707.28,27972,61,0,Corporate Auto,Four-Door Car,292
QW67581,Arizona,F,High School or Below,517002.6,0,69,0,Personal Auto,Four-Door Car,331
SN16059,California,F,Master,264144.61,29305,66,0,Personal Auto,Four-Door Car,475
OE51254,California,F,College,279068.3,53882,69,0,Personal Auto,Four-Door Car,331
RM42344,Oregon,M,College,274512.98,91757,69,1,Personal Auto,Four-Door Car,331
GB35238,California,F,Bachelor,757953.27,33906,64,0,Personal Auto,Two-Door Car,401
ML82674,Oregon,M,Bachelor,1097878.03,68158,139,1,Personal Auto,SUV,253
EI85244,California,M,College,825506.01,0,134,3,Personal Auto,SUV,643
DE28132,Oregon,M,College,474773.46,42165,123,0,Corporate Auto,SUV,799
TV25678,Washington,M,College,354090.43,0,101,0,Personal Auto,SUV,727
TY26512,California,M,Doctor,343613.43,30817,88,0,Personal Auto,Four-Door Car,91
OB69153,California,M,Bachelor,258218.53,68074,65,0,Personal Auto,Four-Door Car,27
QZ77637,Washington,F,College,1166509.78,84978,35353,1,Corporate Auto,Four-Door Car,166
XN41715,California,F,Master,739628.37,71135,92,1,Personal Auto,Four-Door Car,270
QR15857,California,F,College,433079.98,0,61,0,Personal Auto,Two-Door Car,292
FL69363,Oregon,M,Master,907576.82,37722,116,0,Personal Auto,Luxury,158
IS30295,Arizona,F,Bachelor,1463545.16,0,139,0,Personal Auto,SUV,667
WA25797,Washington,M,High School or Below,856476.82,95697,107,0,Personal Auto,Luxury,178
NL59519,California,F,College,1156568.75,64642,96,0,Personal Auto,Four-Door Car,404
ZU93025,Oregon,F,College,277104.5,50071,71,0,Personal Auto,Two-Door Car,18
DK94262,Oregon,M,High School or Below,850712.88,46754,106,1,Personal Auto,SUV,513
UQ30615,California,M,College,758211.38,64801,64,0,Corporate Auto,Four-Door Car,268
OR40060,Arizona,M,Bachelor,332309.25,70410,83,0,Personal Auto,Four-Door Car,131
DK32872,Nevada,F,High School or Below,523433.17,66957,131,1,Personal Auto,SUV,628
FA46418,Nevada,F,High School or Below,2470959.96,24213,78,1,Personal Auto,Four-Door Car,374
ER19995,Washington,F,College,1778627.78,99790,6464,0,Personal Auto,Four-Door Car,178
KI75855,Oregon,M,Master,255122.67,79751,63,0,Personal Auto,Two-Door Car,392
ND41876,Arizona,M,High School or Below,724771.37,86122,182,1,Personal Auto,Luxury,873
PN21042,Arizona,M,Bachelor,453884.78,82297,116,0,Personal Auto,Luxury,0
GJ43254,Washington,M,College,3164210.46,89057,98,0,Corporate Auto,Two-Door Car,187
AL46984,California,M,High School or Below,873042.2,43259,73,0,Personal Auto,Four-Door Car,350
JP58047,Oregon,M,College,833273.06,0,79,0,Personal Auto,Four-Door Car,379
ZE85014,California,M,College,235774.7,25064,62,0,Personal Auto,Four-Door Car,297
KU88219,Arizona,M,Master,463716.4,25816,119,0,Personal Auto,Luxury,571
UU98729,California,M,Bachelor,535719.27,0,73,0,Personal Auto,Four-Door Car,350
WS82822,Oregon,F,College,539197.1,41662,69,0,Corporate Auto,Four-Door Car,217
YB49933,Arizona,M,Bachelor,369414.05,96170,92,0,Personal Auto,Four-Door Car,441
XC16387,Arizona,F,High School or Below,504041.24,46072,64,0,Personal Auto,Four-Door Car,25
XJ96748,Arizona,F,High School or Below,2749542.19,37931,99,0,Personal Auto,Four-Door Car,475
TM98684,Oregon,M,High School or Below,484228.5,35127,62,0,Personal Auto,Four-Door Car,297
AY18433,Washington,F,High School or Below,2738281.89,45473,76,0,Special Auto,Two-Door Car,188
DM74502,Nevada,F,College,522710.19,93087,131,3,Corporate Auto,Luxury,628
FT56968,Arizona,M,High School or Below,259009.6,22398,67,2,Personal Auto,Four-Door Car,321
OX36896,California,M,High School or Below,1053607.8,92983,87,1,Corporate Auto,Four-Door Car,153
BZ65376,Arizona,M,Bachelor,858127.87,27689,239,2,Personal Auto,Luxury,2893
LN34660,California,F,College,946311.33,69654,118,0,Corporate Auto,SUV,629
JC29295,California,F,Bachelor,1344100.64,80744,111,0,Personal Auto,SUV,361
KJ87930,California,F,Bachelor,388650.48,0,112,0,Corporate Auto,SUV,1185
XT36360,Arizona,F,High School or Below,678489.37,0,64,1,Personal Auto,Four-Door Car,460
IX35050,Arizona,M,Bachelor,2359468.02,76358,66,0,Special Auto,Four-Door Car,86
UN97379,Oregon,M,Bachelor,253862.63,18608,71,0,Corporate Auto,Four-Door Car,340
MR57294,California,M,High School or Below,563994.2,73168,70,0,Personal Auto,Four-Door Car,425
UG79499,Washington,M,Bachelor,1168137.43,70930,99,0,Personal Auto,Four-Door Car,190
UA50747,Washington,F,High School or Below,2599775.0,62262,72,0,Corporate Auto,Four-Door Car,193
GL20444,Nevada,F,Master,1377836.93,91474,113,0,Corporate Auto,Two-Door Car,24
SP58110,California,F,Bachelor,492318.17,61469,63,5,Personal Auto,Four-Door Car,302
XM91635,Arizona,F,High School or Below,227233.54,16618,62,0,Special Auto,Four-Door Car,219
TV82603,California,F,Bachelor,1489539.8,48081,188,0,Personal Auto,Luxury,881
BB82067,Oregon,M,Doctor,975604.5,67632,121,0,Personal Auto,Luxury,26
JP94676,Oregon,F,Bachelor,942297.41,34115,119,0,Personal Auto,SUV,466
VU53417,Arizona,M,High School or Below,383735.76,23051,99,0,Personal Auto,Two-Door Car,475
IW54795,California,M,College,1095213.19,23748,99,0,Personal Auto,Four-Door Car,607
RN78170,Arizona,F,College,815913.66,40589,69,0,Corporate Auto,Four-Door Car,331
IX55883,California,F,College,1948049.98,50809,83,0,Personal Auto,Four-Door Car,290
XM72420,Arizona,F,High School or Below,391936.67,66676,97,0,Personal Auto,Four-Door Car,558
GC15104,Nevada,F,Bachelor,798514.21,52339,70,3,Corporate Auto,Four-Door Car,336
RX13282,Oregon,M,Bachelor,1216874.49,14973,115,0,Personal Auto,SUV,828
QA85890,Arizona,F,High School or Below,584932.15,0,83,0,Corporate Auto,Four-Door Car,540
IR62668,Arizona,F,Bachelor,508583.66,31546,65,0,Personal Auto,Four-Door Car,100
AL96740,California,F,College,290393.98,67763,73,1,Personal Auto,Four-Door Car,59
SS48498,Washington,F,College,627317.34,20836,79,0,Corporate Auto,Four-Door Car,193
PE39479,Washington,M,College,1832141.9,88592,76,0,Corporate Auto,Four-Door Car,199
JH62891,Oregon,F,College,517870.42,66943,65,1,Special Auto,Four-Door Car,53
FI20423,Arizona,F,High School or Below,1402435.84,81872,115,0,Special Auto,Four-Door Car,256
PM13394,Washington,F,College,530943.59,22404,70,1,Personal Auto,Four-Door Car,211
YV67971,California,F,High School or Below,494980.38,21342,62,0,Personal Auto,Four-Door Car,74
QD31377,California,M,Bachelor,859566.53,34621,108,1,Corporate Auto,SUV,621
YG10247,Oregon,M,College,2295189.2,62396,64,0,Personal Auto,Four-Door Car,307
FE73696,Oregon,M,High School or Below,379213.03,97212,93,0,Personal Auto,Two-Door Car,360
SW19699,Arizona,F,Bachelor,275574.8,49648,70,0,Personal Auto,Four-Door Car,65
QJ40732,Arizona,M,College,488033.96,97984,61,1,Personal Auto,Four-Door Car,407
HM76207,California,F,College,905190.53,26308,114,0,Corporate Auto,SUV,547
NT59303,Oregon,F,College,1011544.62,63528,256,0,Personal Auto,Luxury,1228
PU41393,Nevada,M,College,826907.54,20225,114,1,Special Auto,SUV,547
QO86948,Nevada,M,High School or Below,807165.3,0,112,0,Personal Auto,SUV,806
QN10888,Oregon,F,High School or Below,772699.36,87620,64,0,Personal Auto,Four-Door Car,24
VY19543,California,F,Bachelor,831113.59,0,72,0,Corporate Auto,Four-Door Car,311
XC15133,Nevada,F,Master,257402.04,34990,65,0,Personal Auto,Four-Door Car,42
ST43550,Oregon,M,Bachelor,572732.71,99934,71,0,Special Auto,Four-Door Car,460
FX36546,Washington,M,Master,367914.21,60804,92,0,Personal Auto,Four-Door Car,213
JX68983,Oregon,M,Bachelor,274451.96,94648,69,0,Personal Auto,Four-Door Car,331
HX78576,California,F,High School or Below,563674.03,24516,71,0,Personal Auto,Four-Door Car,300
ZQ11381,Arizona,M,Bachelor,1687038.82,61063,85,0,Personal Auto,Four-Door Car,262
ON39271,California,M,Master,273800.2,0,74,0,Personal Auto,Two-Door Car,263
SB18278,Oregon,M,Bachelor,464470.05,0,64,0,Corporate Auto,Four-Door Car,307
ZT30559,California,F,High School or Below,474668.65,15169,63,0,Personal Auto,Four-Door Car,302
XI41106,Arizona,M,College,1687432.82,55390,71,0,Corporate Auto,Two-Door Car,256
ZS88847,Oregon,F,Bachelor,238760.61,27592,62,0,Personal Auto,Four-Door Car,297
RU49126,Washington,F,College,446533.57,61846,112,0,Personal Auto,SUV,215
KR62797,Arizona,F,High School or Below,459162.59,83297,113,0,Personal Auto,SUV,542
ZJ73220,Arizona,F,College,1309258.58,0,188,0,Special Auto,Luxury,1353
FY62633,Oregon,M,Bachelor,911226.66,0,90,0,Personal Auto,Four-Door Car,432
CU36986,California,F,High School or Below,416516.66,55897,104,0,Personal Auto,Four-Door Car,499
WZ53904,Arizona,M,Bachelor,265998.06,21297,71,0,Personal Auto,Four-Door Car,45
AA71604,Arizona,F,Master,1198659.21,87560,98,1,Personal Auto,Two-Door Car,470
TD10493,Oregon,F,High School or Below,289873.27,0,96,4,Personal Auto,Four-Door Car,691
LY97989,Oregon,F,Bachelor,289424.39,0,85,0,Personal Auto,Four-Door Car,408
VX39856,Arizona,F,Doctor,350045.44,89398,86,0,Personal Auto,Four-Door Car,82
TP51897,California,F,College,262180.86,36843,68,3,Corporate Auto,Four-Door Car,357
QQ89253,Oregon,F,College,1022180.5,0,134,0,Personal Auto,SUV,643
EI91403,California,M,High School or Below,257827.1,34946,65,0,Personal Auto,Two-Door Car,420
QG15435,Arizona,F,College,624259.57,75680,78,0,Personal Auto,Four-Door Car,136
FZ55002,Nevada,F,Doctor,522028.1,0,69,0,Personal Auto,Four-Door Car,331
HX77930,Washington,F,College,313643.21,49532,79,1,Personal Auto,Four-Door Car,220
UN37063,Arizona,M,Bachelor,452536.58,10269,65,0,Personal Auto,Two-Door Car,170
VB87946,California,M,College,497035.73,49714,63,3,Personal Auto,Four-Door Car,266
AB60627,California,M,High School or Below,1546778.9,77517,129,0,Corporate Auto,SUV,98
TA34903,Oregon,M,High School or Below,583889.92,81082,73,0,Personal Auto,Four-Door Car,281
AQ51368,Oregon,F,Bachelor,1065688.2,72540,88,0,Corporate Auto,Two-Door Car,631
NZ26102,Oregon,F,High School or Below,228961.87,0,65,0,Personal Auto,Four-Door Car,468
GB45753,California,M,High School or Below,543980.42,61546,68,0,Corporate Auto,Two-Door Car,29
BV79904,California,F,Master,795615.01,44818,67,1,Personal Auto,Two-Door Car,136
OB49075,Arizona,M,Bachelor,445811.34,17622,65,1,Personal Auto,Four-Door Car,312
DS97676,Oregon,F,College,255505.15,0,72,0,Personal Auto,Four-Door Car,518
JO63462,California,M,Bachelor,330799.9,79797,84,0,Corporate Auto,Two-Door Car,31
NJ10602,Washington,F,College,845905.32,92717,70,0,Personal Auto,Two-Door Car,224
RS24501,Oregon,F,College,1335012.09,28919,173,0,Personal Auto,SUV,830
VT78274,Arizona,M,College,493122.13,0,68,0,Personal Auto,Four-Door Car,480
SU56153,Nevada,M,Bachelor,777683.52,63568,65,0,Corporate Auto,Two-Door Car,390
MN20737,Nevada,F,College,255367.22,73935,64,1,Corporate Auto,Four-Door Car,72
KL43114,Arizona,F,High School or Below,487646.97,0,66,0,Corporate Auto,Two-Door Car,316
YQ15567,Oregon,F,Bachelor,903430.58,18846,115,0,Personal Auto,SUV,552
TR88637,Arizona,F,High School or Below,810591.08,38893,103,0,Personal Auto,SUV,41
TC88986,Oregon,M,High School or Below,561968.91,0,153,0,Special Auto,SUV,1027
XX88577,California,M,Bachelor,1572713.06,84824,196,0,Corporate Auto,SUV,319
NE49052,California,F,High School or Below,661801.64,20068,86,0,Corporate Auto,Four-Door Car,411
KX17826,Oregon,M,Doctor,467004.8,0,125,0,Corporate Auto,SUV,600
CC91503,Arizona,F,High School or Below,1016936.98,0,135,0,Personal Auto,Luxury,648
WH32183,California,M,Bachelor,832307.4,97245,70,0,Personal Auto,Four-Door Car,4
ES90681,California,F,College,241776.0,51808,61,1,Personal Auto,Four-Door Car,351
DW96592,California,M,Bachelor,804487.24,71391,67,0,Personal Auto,Four-Door Car,284
MT23134,Oregon,M,High School or Below,532572.45,0,73,0,Personal Auto,Two-Door Car,496
BM69081,Arizona,M,Bachelor,694752.4,0,100,0,Personal Auto,SUV,925
MB90871,Oregon,F,College,584741.52,23496,77,0,Special Auto,Four-Door Car,13
GT62080,Washington,M,High School or Below,Unknown,55561,63,0,Personal Auto,Four-Door Car,227
QL77686,Nevada,F,College,472478.61,23986,119,0,Corporate Auto,SUV,463
ON77827,Arizona,F,Master,279022.8,22974,71,0,Personal Auto,Four-Door Car,180
KP18988,Oregon,F,High School or Below,2153133.28,0,101,0,Personal Auto,Four-Door Car,484
TI92884,Arizona,M,Bachelor,1262283.27,61844,106,0,Personal Auto,Luxury,508
JH73503,Arizona,M,Doctor,2017196.15,24804,73,0,Personal Auto,Two-Door Car,350
YE97964,California,F,Bachelor,1646436.59,27760,104,0,Personal Auto,SUV,302
VA30351,Oregon,F,High School or Below,559538.99,74454,71,0,Personal Auto,Four-Door Car,340
PV55726,Oregon,F,Master,417068.73,29462,107,1,Personal Auto,SUV,513
UC88305,Arizona,F,College,266544.71,52266,68,0,Corporate Auto,Two-Door Car,141
TS53809,Oregon,M,Bachelor,709891.41,0,70,0,Personal Auto,Two-Door Car,349
ZV32120,California,M,Doctor,397134.51,23599,103,0,Corporate Auto,SUV,494
FB80807,Oregon,M,Bachelor,552821.28,36088,72,0,Personal Auto,Four-Door Car,345
AS55677,California,F,High School or Below,833899.58,70534,104,0,Personal Auto,Four-Door Car,54
WA15684,Oregon,M,College,3844585.59,27398,125,1,Personal Auto,SUV,600
SA50567,Nevada,M,Bachelor,544855.52,85296,68,0,Personal Auto,Four-Door Car,342
KJ31611,Arizona,M,High School or Below,1080806.6,31063,92,0,Personal Auto,Four-Door Car,441
VL37375,California,M,Bachelor,618509.65,0,92,0,Personal Auto,Two-Door Car,1027
KN21017,Nevada,M,High School or Below,320822.59,52367,81,0,Personal Auto,Four-Door Car,275
PX44289,Arizona,M,College,548010.41,58651,71,0,Personal Auto,Four-Door Car,472
AM97901,Nevada,F,College,2298615.39,84831,192,0,Special Auto,Luxury,1336
RE42925,Oregon,M,Bachelor,1310792.59,49088,114,1,Corporate Auto,SUV,547
TR81766,California,F,College,746292.63,70263,93,0,Corporate Auto,Two-Door Car,7
CH85057,Oregon,F,Doctor,1146399.1,45354,285,0,Personal Auto,Luxury,540
UP71482,Arizona,M,High School or Below,723613.25,0,63,0,Personal Auto,Four-Door Car,383
EG40670,California,F,Bachelor,623268.79,28334,83,0,Special Auto,Four-Door Car,537
HV83672,Oregon,F,Bachelor,2839332.99,38772,90,0,Personal Auto,Four-Door Car,321
MG10140,Oregon,F,College,374675.16,41479,94,1,Personal Auto,Two-Door Car,19
TC44716,California,M,Bachelor,2156933.73,23909,119,0,Personal Auto,SUV,571
QO65264,California,M,College,501208.37,48328,63,0,Personal Auto,Two-Door Car,108
EB66698,California,M,High School or Below,337185.84,86689,85,0,Corporate Auto,Two-Door Car,408
OT52034,California,M,Bachelor,386477.68,24204,99,1,Personal Auto,Four-Door Car,707
CH85444,Oregon,M,College,414571.19,25943,110,0,Corporate Auto,Two-Door Car,1067
PU85769,California,M,High School or Below,515607.27,0,73,0,Personal Auto,Four-Door Car,807
UI73201,California,M,College,366737.5,62375,92,0,Personal Auto,Two-Door Car,618
SL50592,California,F,High School or Below,783568.35,0,71,0,Corporate Auto,Four-Door Car,404
XP11075,Arizona,M,Bachelor,1456726.84,0,148,0,Personal Auto,SUV,710
SI31236,Oregon,M,Bachelor,1017133.9,70200,65,0,Corporate Auto,Four-Door Car,312
JN26745,Nevada,F,Bachelor,413577.52,0,112,0,Special Auto,Four-Door Car,707
VK48036,Oregon,F,College,551149.11,79027,70,0,Corporate Auto,Four-Door Car,336
JX76668,Washington,F,High School or Below,1131424.39,62935,141,0,Personal Auto,Luxury,232
DS45802,California,F,High School or Below,541461.73,26893,68,0,Personal Auto,Four-Door Car,68
OA96690,Oregon,F,High School or Below,742159.35,47406,94,1,Personal Auto,Four-Door Car,287
EM27919,California,M,Bachelor,445811.34,17622,65,1,Personal Auto,Four-Door Car,312
QO41043,Oregon,F,College,1447612.49,27572,124,0,Corporate Auto,SUV,595
OV50124,Oregon,F,College,493688.84,0,72,2,Personal Auto,Two-Door Car,391
PR31642,Oregon,F,Bachelor,452527.65,32802,114,0,Personal Auto,SUV,547
BU41599,Washington,F,Master,558176.13,62739,70,0,Personal Auto,Two-Door Car,239
TK30357,California,F,Bachelor,1413434.74,90844,118,0,Personal Auto,SUV,232
NF31087,Nevada,F,High School or Below,2472318.31,44685,69,0,Personal Auto,Four-Door Car,331
NH16984,California,F,Bachelor,283806.78,0,80,0,Personal Auto,Four-Door Car,336
OS75493,California,F,High School or Below,384848.36,42589,98,0,Corporate Auto,Four-Door Car,470
VT63298,Oregon,M,Bachelor,1950447.39,0,72,0,Personal Auto,Four-Door Car,345
QS75550,Washington,F,Bachelor,248004.59,93383,62,0,Corporate Auto,Two-Door Car,244
SZ16483,Arizona,F,High School or Below,436137.29,79583,109,2,Personal Auto,Four-Door Car,523
VM92311,Arizona,F,High School or Below,252907.75,89129,64,0,Personal Auto,Four-Door Car,328
NJ46849,Arizona,M,College,250444.48,0,69,0,Personal Auto,Four-Door Car,496
WZ31900,Oregon,F,Bachelor,864970.06,94389,107,0,Corporate Auto,SUV,85
RG30482,Oregon,F,College,1366835.53,0,197,0,Personal Auto,SUV,1418
ZM86949,Oregon,F,High School or Below,2063508.46,84106,64,0,Personal Auto,Two-Door Car,334
QQ39596,Arizona,F,College,251753.36,0,69,0,Personal Auto,Four-Door Car,42
FH51383,California,F,High School or Below,532667.77,76717,66,0,Personal Auto,Two-Door Car,300
BJ53923,Arizona,M,High School or Below,260027.21,51978,66,0,Corporate Auto,Four-Door Car,144
CZ96653,Oregon,F,Bachelor,853479.28,47325,107,0,Personal Auto,SUV,64
FB23788,Oregon,M,High School or Below,882883.5,86721,111,0,Corporate Auto,SUV,532
NT43594,Nevada,F,Bachelor,224844.96,24910,63,1,Personal Auto,Four-Door Car,347
RJ85627,Washington,F,Bachelor,1230276.24,43817,62,1,Personal Auto,Four-Door Car,245
KJ86296,Oregon,M,High School or Below,455659.3,0,73,2,Personal Auto,Four-Door Car,525
PI47776,Oregon,F,Bachelor,253070.51,89451,63,0,Corporate Auto,Four-Door Car,61
MD73554,California,M,College,525198.4,59537,66,0,Personal Auto,Two-Door Car,316
UX92071,Oregon,M,High School or Below,674311.93,0,199,0,Personal Auto,Luxury,955
YG44474,Oregon,M,College,1401472.13,54193,117,0,Corporate Auto,SUV,720
UH45301,Oregon,M,College,943891.56,86946,118,0,Personal Auto,Four-Door Car,340
RY92647,California,F,Bachelor,1050677.17,0,92,0,Personal Auto,Four-Door Car,546
IK12620,Arizona,F,High School or Below,421391.86,12160,109,0,Personal Auto,Four-Door Car,489
GQ66762,California,M,College,477368.64,33701,63,0,Personal Auto,Four-Door Car,171
YT69858,Washington,F,Bachelor,544142.01,85702,67,0,Personal Auto,Two-Door Car,249
XD85577,California,M,Bachelor,284226.69,69417,73,1,Personal Auto,Four-Door Car,30
TM65736,Oregon,M,Master,305955.03,38644,78,1,Personal Auto,Four-Door Car,361
VJ51327,California,F,High School or Below,2031499.76,63209,102,2,Personal Auto,SUV,207
GS98873,Arizona,F,Bachelor,323912.47,16061,88,0,Personal Auto,Four-Door Car,633
CW49887,California,F,Master,462680.11,79487,114,0,Special Auto,SUV,547
MY31220,California,F,College,899704.02,54230,112,0,Personal Auto,Two-Door Car,537
